豇豆,2.50,3.00,3.50,鲁京,斤,2021-05-31
白不老,2.00,2.35,2.70,滇|鲁,斤,2021-05-31
锅里变架豆,1.70,1.85,2.00,普通,斤,2021-05-31
油豆,2.50,3.25,4.00,鲁,斤,2021-05-31
毛豆,3.00,3.50,4.00,普通,斤,2021-05-31
豌豆,1.20,1.35,1.50,普通,斤,2021-05-31
蚕豆,1.20,1.30,1.40,普通,斤,2021-05-31
荷兰豆,5.00,5.50,6.00,冀云,斤,2021-05-31
玉米,1.40,1.50,1.60,普通,斤,2021-05-31
花生,4.50,5.00,5.50,广东海南,斤,2021-05-31
苦瓜,2.00,2.15,2.30,鲁,斤,2021-05-31
丝瓜,1.60,1.90,2.20,豫鲁,斤,2021-05-31
丝瓜,3.00,3.50,4.00,短,斤,2021-05-31
瓠子,1.80,2.05,2.30,普通,斤,2021-05-31
西葫芦,0.80,1.00,1.20,滇鲁,斤,2021-05-31
佛手瓜,2.50,2.75,3.00,普通,斤,2021-05-31
金丝南瓜,0.80,0.90,1.00,琼,斤,2021-05-31
南北瓜,0.90,0.95,1.00,桂,斤,2021-05-31
尖椒,1.50,1.75,2.00,冀晋鲁新,斤,2021-05-31
螺丝椒,2.00,2.40,2.80,普通,斤,2021-05-31
高山娃娃,4.00,4.25,4.50,特菜,斤,2021-05-31
孢子甘蓝,12.00,13.50,15.00,特菜,斤,2021-05-31
紫贝天葵,7.00,7.50,8.00,特菜,斤,2021-05-31
鱼腥草叶,8.00,8.50,9.00,特菜,斤,2021-05-31
鱼腥草根,6.00,6.50,7.00,特菜,斤,2021-05-31
荷兰豆,6.50,7.00,7.50,特菜,斤,2021-05-31
朝天椒,7.00,7.50,8.00,特菜,斤,2021-05-31
球茎茴香,8.00,8.25,8.50,特菜,斤,2021-05-31
红尖椒,4.00,4.25,4.50,特菜,斤,2021-05-31
香蕉西葫,6.00,6.50,7.00,特菜,斤,2021-05-31
美人椒,6.00,6.50,7.00,特菜,斤,2021-05-31
荷兰黄瓜,4.00,4.50,5.00,特菜,斤,2021-05-31
广丝,5.00,5.25,5.50,特菜,斤,2021-05-31
毛豆仁,15.00,15.50,16.00,特菜,斤,2021-05-31
冰草,5.00,5.50,6.00,特菜,斤,2021-05-31
蚕豆仁,11.00,12.00,13.00,特菜,斤,2021-05-31
网纹,3.00,3.25,3.50,甜瓜类,斤,2021-05-31
长香玉,1.40,1.50,1.60,甜瓜类,斤,2021-05-31
西洲蜜,2.00,2.50,3.00,甜瓜类,斤,2021-05-31
24白糖罐,2.50,2.75,3.00,甜瓜类,斤,2021-05-31
菜花,1.40,1.50,1.60,云,斤,2021-05-31
绿豆芽,0.95,0.98,1.00,普通,斤,2021-05-31
黄豆芽,0.85,0.88,0.90,普通,斤,2021-05-31
紫菜苔,3.00,3.25,3.50,普通,斤,2021-05-31
番茄,1.00,1.25,1.50,川鲁蒙,斤,2021-05-31
番茄（精品）,1.50,1.65,1.80,鲁新,斤,2021-05-31
樱西,4.00,4.50,5.00,小红,斤,2021-05-31
黄瓜,1.00,1.25,1.50,蒙辽袋鲁,斤,2021-05-31
黄瓜(鲜干花),1.50,1.65,1.80,冀,斤,2021-05-31
小黄瓜,2.00,2.50,3.00,旱荷兰,斤,2021-05-31
茄子,0.80,1.00,1.20,冀,斤,2021-05-31
长茄,0.80,1.10,1.40,辽,斤,2021-05-31
广茄,1.20,1.40,1.60,滇、冀,斤,2021-05-31
线茄,2.00,2.50,3.00,冀,斤,2021-05-31
吊冬瓜,0.65,0.70,0.75,琼,斤,2021-05-31
地冬瓜,0.45,0.50,0.55,桂,斤,2021-05-31
小毛冬瓜,0.80,0.90,1.00,冀圆鲁新,斤,2021-05-31
架豆,2.50,2.65,2.80,普通,斤,2021-05-31
豆王,2.50,3.75,5.00,普通,斤,2021-05-31
扁豆,2.00,3.00,4.00,冀鲁聊城,斤,2021-05-31
鸡毛菜,2.50,2.75,3.00,水菜,斤,2021-05-31
荆芥,4.00,4.50,5.00,水菜,斤,2021-05-31
紫苏叶,3.50,4.00,4.50,水菜,斤,2021-05-31
豌豆苗,3.50,3.75,4.00,水菜,斤,2021-05-31
快菜,1.00,1.25,1.50,水菜,斤,2021-05-31
苦菊,2.00,2.50,3.00,水菜,斤,2021-05-31
穿心莲,1.50,1.75,2.00,水菜,斤,2021-05-31
木耳菜,2.00,2.25,2.50,水菜,斤,2021-05-31
西芹,2.50,2.75,3.00,特菜,斤,2021-05-31
芦荟,6.00,6.50,7.00,特菜,斤,2021-05-31
百合,30.00,31.00,32.00,特菜,斤,2021-05-31
香椿,10.00,11.00,12.00,特菜,斤,2021-05-31
红彩椒黄,5.00,5.50,6.00,特菜,斤,2021-05-31
菊苣,9.00,9.50,10.00,特菜,斤,2021-05-31
芦笋,6.00,6.50,7.00,特菜,斤,2021-05-31
冬笋,7.00,8.00,9.00,特菜,斤,2021-05-31
慈姑,10.00,12.00,14.00,特菜,斤,2021-05-31
韭黄,8.00,8.50,9.00,特菜,斤,2021-05-31
法香,7.00,7.50,8.00,特菜,斤,2021-05-31
豆尖,7.50,8.00,8.50,特菜,斤,2021-05-31
猕猴桃（徐香翠香）,2.50,3.00,3.50,桃李杏类,斤,2021-05-31
猕猴桃（海沃德）,2.00,2.25,2.50,桃李杏类,斤,2021-05-31
胭脂杏,3.00,3.50,4.00,桃李杏类,斤,2021-05-31
李子,8.00,10.00,12.00,桃李杏类,斤,2021-05-31
秦杏,3.00,3.50,4.00,桃李杏类,斤,2021-05-31
金太阳,1.50,2.00,2.50,桃李杏类,斤,2021-05-31
丰源红,2.00,2.50,3.00,桃李杏类,斤,2021-05-31
凯特杏、白杏,9.00,10.00,11.00,桃李杏类,斤,2021-05-31
无籽小号-大号,1.80,1.90,2.00,西瓜类,斤,2021-05-31
麒麟、甜蜜蜜,1.80,2.10,2.40,西瓜类,斤,2021-05-31
黑美人,1.60,1.80,2.00,西瓜类,斤,2021-05-31
特小风,2.00,2.25,2.50,西瓜类,斤,2021-05-31
L600吊秧瓜,2.00,2.50,3.00,西瓜类,斤,2021-05-31
甜王,1.20,1.40,1.60,西瓜类,斤,2021-05-31
蜜童,2.00,2.15,2.30,西瓜类,斤,2021-05-31
墨童西瓜,2.00,2.15,2.30,西瓜类,斤,2021-05-31
绿宝（p2）,1.80,1.90,2.00,西瓜类,斤,2021-05-31
国产香蕉,2.20,2.60,3.00,香蕉类,斤,2021-05-31
南美、菲律宾香蕉,2.50,3.00,3.50,香蕉类,斤,2021-05-31
泰国香蕉（帝王蕉）,8.00,8.50,9.00,香蕉类,斤,2021-05-31
大白菜,0.30,0.35,0.40,储存新,斤,2021-05-31
娃娃菜,0.60,0.70,0.80,大小,斤,2021-05-31
小白菜,0.60,0.65,0.70,普通,斤,2021-05-31
芹菜,0.70,0.85,1.00,冀,斤,2021-05-31
西芹,1.80,2.00,2.20,普通,斤,2021-05-31
菠菜,2.00,2.25,2.50,鲁冀,斤,2021-05-31
莴笋,1.40,1.70,2.00,闽浙鲁,斤,2021-05-31
团生菜,0.80,0.90,1.00,毛|净,斤,2021-05-31
圆白菜,0.40,0.45,0.50,冀,斤,2021-05-31
紫甘蓝,0.70,0.75,0.80,闽云,斤,2021-05-31
散叶生菜,1.00,1.40,1.80,京,斤,2021-05-31
油菜,0.80,1.10,1.40,鲁京,斤,2021-05-31
香菜,1.00,1.25,1.50,鲁冀,斤,2021-05-31
茴香,1.00,1.15,1.30,冀,斤,2021-05-31
韭菜,0.80,1.00,1.20,普通,斤,2021-05-31
韭菜苔,3.50,3.65,3.80,普通,斤,2021-05-31
苦菊,1.00,1.15,1.30,辽,斤,2021-05-31
油麦菜,1.20,1.35,1.50,京,斤,2021-05-31
散菜花,1.00,1.25,1.50,豫苏,斤,2021-05-31
绿菜花,1.50,1.75,2.00,冀 苏陕,斤,2021-05-31
秋葵,6.50,7.00,7.50,特菜,斤,2021-05-31
甜豆,7.00,7.50,8.00,特菜,斤,2021-05-31
龙豆,24.00,24.50,25.00,特菜,斤,2021-05-31
凉瓜,5.50,6.00,6.50,特菜,斤,2021-05-31
银芽,5.00,5.50,6.00,特菜,斤,2021-05-31
南姜,6.00,6.50,7.00,特菜,斤,2021-05-31
沙葁,7.00,7.50,8.00,特菜,斤,2021-05-31
苤蓝,2.00,2.25,2.50,特菜,斤,2021-05-31
南瓜,1.80,1.90,2.00,特菜,斤,2021-05-31
番杏,6.00,6.50,7.00,特菜,斤,2021-05-31
夹豆,7.00,7.50,8.00,特菜,斤,2021-05-31
荔浦芋头,7.50,8.00,8.50,特菜,斤,2021-05-31
香芋头,7.00,7.50,8.00,特菜,斤,2021-05-31
黄花菜,13.00,13.50,14.00,特菜,斤,2021-05-31
鲜竹笋,6.00,6.50,7.00,特菜,斤,2021-05-31
紫菜头,3.00,3.25,3.50,特菜,斤,2021-05-31
紫豇豆,18.00,18.50,19.00,特菜,斤,2021-05-31
仙人掌,6.00,6.25,6.50,特菜,斤,2021-05-31
干葱头,2.50,2.75,3.00,特菜,斤,2021-05-31
西洋菜,6.00,6.25,6.50,特菜,斤,2021-05-31
红颜九九草莓,7.00,8.00,9.00,其他类,斤,2021-05-29
杨梅,8.00,10.00,12.00,其他类,斤,2021-05-29
火龙果,4.00,5.50,7.00,其他类,斤,2021-05-29
木瓜,3.00,3.25,3.50,其他类,斤,2021-05-29
柿饼,6.00,7.00,8.00,其他类,斤,2021-05-29
柠檬,3.50,3.75,4.00,其他类,斤,2021-05-29
黑枣,5.00,5.50,6.00,其他类,斤,2021-05-29
山楂,4.00,5.00,6.00,其他类,斤,2021-05-29
姑娘果（灯笼果）,10.00,15.00,20.00,其他类,斤,2021-05-29
鸭梨,1.20,1.35,1.50,梨类,斤,2021-05-29
雪花梨,1.40,1.50,1.60,梨类,斤,2021-05-29
皇冠梨（标箱）,2.50,2.75,3.00,梨类,斤,2021-05-29
丰水梨,2.50,2.75,3.00,梨类,斤,2021-05-29
酥梨,1.50,1.65,1.80,梨类,斤,2021-05-29
库尔勒香梨,3.00,3.50,4.00,梨类,斤,2021-05-29
红香酥梨系列,1.50,1.75,2.00,梨类,斤,2021-05-29
红啤梨,3.00,3.25,3.50,梨类,斤,2021-05-29
蜜梨,2.00,2.25,2.50,梨类,斤,2021-05-29
耙耙柑、丑橘,2.00,2.50,3.00,柑橘类,斤,2021-05-29
鄂、湘、川脐橙,1.50,2.10,2.70,柑橘类,斤,2021-05-29
黑枣,5.00,5.50,6.00,其他类,斤,2021-05-30
山楂,4.00,5.00,6.00,其他类,斤,2021-05-30
姑娘果（灯笼果）,10.00,15.00,20.00,其他类,斤,2021-05-30
鸭梨,1.20,1.35,1.50,梨类,斤,2021-05-30
雪花梨,1.40,1.50,1.60,梨类,斤,2021-05-30
皇冠梨（标箱）,2.50,2.75,3.00,梨类,斤,2021-05-30
丰水梨,2.50,2.75,3.00,梨类,斤,2021-05-30
酥梨,1.50,1.65,1.80,梨类,斤,2021-05-30
库尔勒香梨,3.00,3.50,4.00,梨类,斤,2021-05-30
红香酥梨系列,1.50,1.75,2.00,梨类,斤,2021-05-30
红啤梨,3.00,3.25,3.50,梨类,斤,2021-05-30
蜜梨,2.00,2.25,2.50,梨类,斤,2021-05-30
耙耙柑、丑橘,2.00,2.50,3.00,柑橘类,斤,2021-05-30
鄂、湘、川脐橙,1.50,2.10,2.70,柑橘类,斤,2021-05-30
沃柑,3.50,4.00,4.50,柑橘类,斤,2021-05-30
金桔,5.00,6.00,7.00,柑橘类,斤,2021-05-30
伦晚,1.80,2.40,3.00,柑橘类,斤,2021-05-30
油桃,2.00,5.00,8.00,桃李杏类,斤,2021-05-30
蟠桃,4.50,7.25,10.00,桃李杏类,斤,2021-05-30
水蜜桃,10.00,12.00,14.00,桃李杏类,斤,2021-05-30
羊角蜜,2.30,3.65,5.00,甜瓜类,斤,2021-05-31
花蕾甜瓜,3.00,4.00,5.00,甜瓜类,斤,2021-05-31
久红瑞,2.00,2.15,2.30,甜瓜类,斤,2021-05-31
绿宝甜瓜,2.00,3.50,5.00,甜瓜类,斤,2021-05-31
博阳（系列）,2.20,3.10,4.00,甜瓜类,斤,2021-05-31
景甜,1.50,2.50,3.50,甜瓜类,斤,2021-05-31
富士（纸袋Φ70-84）,1.80,2.30,2.80,苹果类,斤,2021-05-31
富士（纸+膜袋）,1.50,1.75,2.00,苹果类,斤,2021-05-31
富士（纸袋Φ85以上）,2.50,3.00,3.50,苹果类,斤,2021-05-31
黄元帅,1.50,1.75,2.00,苹果类,斤,2021-05-31
花牛(Φ70-85),1.40,2.00,2.60,苹果类,斤,2021-05-31
新疆阿克苏（冰糖心）,3.00,3.50,4.00,苹果类,斤,2021-05-31
国光苹果,1.00,1.50,2.00,苹果类,斤,2021-05-31
辽宁寒富苹果,1.50,1.75,2.00,苹果类,斤,2021-05-31
巨峰葡萄,5.00,8.50,12.00,葡萄类,斤,2021-05-31
红提葡萄,8.00,10.00,12.00,葡萄类,斤,2021-05-31
玫瑰香葡萄,10.00,11.50,13.00,葡萄类,斤,2021-05-31
克伦生,6.00,8.00,10.00,葡萄类,斤,2021-05-31
黑提葡萄、夏黑,8.00,9.00,10.00,葡萄类,斤,2021-05-31
蓝莓葡萄,8.00,9.00,10.00,葡萄类,斤,2021-05-31
乒乓球葡萄,10.00,11.00,12.00,葡萄类,斤,2021-05-31
维多利亚葡萄,4.00,5.00,6.00,葡萄类,斤,2021-05-31
郁金香,9.00,10.00,11.00,葡萄类,斤,2021-05-31
台农小芒果,2.50,3.25,4.00,芒果类,斤,2021-05-31
台农大芒果,3.00,4.00,5.00,芒果类,斤,2021-05-31
红金龙,4.00,5.00,6.00,芒果类,斤,2021-05-31
高乐密,2.50,3.75,5.00,芒果类,斤,2021-05-31
青皮芒果,2.50,3.25,4.00,芒果类,斤,2021-05-31
水仙芒果,3.50,4.50,5.50,芒果类,斤,2021-05-31
玉纹,4.00,5.50,7.00,芒果类,斤,2021-05-31
肯特新世纪澳芒,4.50,6.00,7.50,芒果类,斤,2021-05-31
妃子笑,5.00,6.50,8.00,荔枝类,斤,2021-05-31
荔枝王,13.00,15.50,18.00,荔枝类,斤,2021-05-31
桂味,4.00,4.50,5.00,荔枝类,斤,2021-05-31
红灯,9.00,11.00,13.00,樱桃类,斤,2021-05-31
水晶,12.00,15.00,18.00,樱桃类,斤,2021-05-31
佳红,60.00,100.00,140.00,樱桃类,斤,2021-05-31
美国红,10.00,10.50,11.00,樱桃类,斤,2021-05-31
美早,10.00,25.00,40.00,樱桃类,斤,2021-05-31
布鲁克斯,12.00,14.00,16.00,樱桃类,斤,2021-05-31
春雪,2.80,5.40,8.00,桃李杏类,斤,2021-05-30
黄油桃,4.00,6.00,8.00,桃李杏类,斤,2021-05-30
黄毛桃,10.00,11.00,12.00,桃李杏类,斤,2021-05-30
突围,3.00,3.75,4.50,桃李杏类,斤,2021-05-30
猕猴桃（徐香翠香）,2.50,3.00,3.50,桃李杏类,斤,2021-05-30
猕猴桃（海沃德）,2.00,2.25,2.50,桃李杏类,斤,2021-05-30
胭脂杏,3.00,3.50,4.00,桃李杏类,斤,2021-05-30
李子,8.00,10.00,12.00,桃李杏类,斤,2021-05-30
秦杏,3.00,3.50,4.00,桃李杏类,斤,2021-05-30
金太阳,1.50,2.00,2.50,桃李杏类,斤,2021-05-30
丰源红,2.00,2.50,3.00,桃李杏类,斤,2021-05-30
凯特杏、白杏,9.00,10.00,11.00,桃李杏类,斤,2021-05-30
无籽小号-大号,1.80,1.90,2.00,西瓜类,斤,2021-05-30
麒麟、甜蜜蜜,1.80,2.10,2.40,西瓜类,斤,2021-05-30
黑美人,1.60,1.80,2.00,西瓜类,斤,2021-05-30
特小风,2.00,2.25,2.50,西瓜类,斤,2021-05-30
L600吊秧瓜,2.00,2.50,3.00,西瓜类,斤,2021-05-30
甜王,1.20,1.40,1.60,西瓜类,斤,2021-05-30
蜜童,2.00,2.15,2.30,西瓜类,斤,2021-05-30
墨童西瓜,2.00,2.15,2.30,西瓜类,斤,2021-05-30
黑灯,10.00,11.00,12.00,樱桃类,斤,2021-05-31
先锋樱桃,12.00,13.50,15.00,樱桃类,斤,2021-05-31
沙蜜托,10.00,12.50,15.00,樱桃类,斤,2021-05-31
椰青个,6.00,6.25,6.50,其他类,斤,2021-05-31
箱装菠萝（上六下六）,1.20,1.40,1.60,其他类,斤,2021-05-31
国产凤梨,1.60,2.00,2.40,其他类,斤,2021-05-31
香水菠萝,3.00,3.25,3.50,其他类,斤,2021-05-31
百香果,12.00,12.50,13.00,其他类,斤,2021-05-31
桑葚,3.50,4.00,4.50,其他类,斤,2021-05-31
白草莓（日本淡雪）,12.00,14.00,16.00,其他类,斤,2021-05-31
红颜九九草莓,7.00,8.00,9.00,其他类,斤,2021-05-31
杨梅,8.00,10.00,12.00,其他类,斤,2021-05-31
火龙果,3.00,4.50,6.00,其他类,斤,2021-05-31
木瓜,3.00,3.25,3.50,其他类,斤,2021-05-31
柿饼,6.00,7.00,8.00,其他类,斤,2021-05-31
柠檬,3.50,3.75,4.00,其他类,斤,2021-05-31
黑枣,5.00,5.50,6.00,其他类,斤,2021-05-31
山楂,4.00,5.00,6.00,其他类,斤,2021-05-31
姑娘果（灯笼果）,10.00,15.00,20.00,其他类,斤,2021-05-31
鸭梨,1.20,1.35,1.50,梨类,斤,2021-05-31
雪花梨,1.40,1.50,1.60,梨类,斤,2021-05-31
皇冠梨（标箱）,2.50,2.75,3.00,梨类,斤,2021-05-31
丰水梨,2.50,2.75,3.00,梨类,斤,2021-05-31
酥梨,1.50,1.65,1.80,梨类,斤,2021-05-31
库尔勒香梨,3.00,3.50,4.00,梨类,斤,2021-05-31
红香酥梨系列,1.50,1.75,2.00,梨类,斤,2021-05-31
红啤梨,3.00,3.25,3.50,梨类,斤,2021-05-31
蜜梨,2.00,2.25,2.50,梨类,斤,2021-05-31
耙耙柑、丑橘,2.00,2.50,3.00,柑橘类,斤,2021-05-31
鄂、湘、川脐橙,1.50,2.10,2.70,柑橘类,斤,2021-05-31
沃柑,3.50,4.00,4.50,柑橘类,斤,2021-05-31
金桔,5.00,6.00,7.00,柑橘类,斤,2021-05-31
伦晚,1.80,2.40,3.00,柑橘类,斤,2021-05-31
油桃,2.00,5.00,8.00,桃李杏类,斤,2021-05-31
蟠桃,4.50,7.25,10.00,桃李杏类,斤,2021-05-31
水蜜桃,10.00,12.00,14.00,桃李杏类,斤,2021-05-31
春雪,2.80,5.40,8.00,桃李杏类,斤,2021-05-31
黄油桃,4.00,6.00,8.00,桃李杏类,斤,2021-05-31
黄毛桃,10.00,11.00,12.00,桃李杏类,斤,2021-05-31
突围,3.00,3.75,4.50,桃李杏类,斤,2021-05-31
红薯,2.00,2.10,2.20,西瓜红粤新,斤,2021-05-31
茭白,2.50,3.00,3.50,京浙,斤,2021-05-31
凉薯,2.00,2.15,2.30,普通,斤,2021-05-31
荸荠,3.00,3.40,3.80,皖,斤,2021-05-31
芋头,2.00,2.15,2.30,鲁,斤,2021-05-31
苇叶,3.40,3.45,3.50,普通,斤,2021-05-31
姜,3.00,4.00,5.00,姜头整,斤,2021-05-31
大蒜,2.50,3.00,3.50,普通,斤,2021-05-31
新蒜,1.80,2.40,3.00,普通,斤,2021-05-31
蒜米,3.20,3.50,3.80,普通,斤,2021-05-31
大葱,1.50,1.65,1.80,冀,斤,2021-05-31
小葱,1.00,1.25,1.50,普通,斤,2021-05-31
蒜苗,1.50,3.15,4.80,苏鲁,斤,2021-05-31
蒜黄,4.60,4.80,5.00,冀,斤,2021-05-31
青蒜,2.40,2.70,3.00,冀,斤,2021-05-31
平菇,6.50,6.75,7.00,小叶,斤,2021-05-31
香菇,3.00,4.00,5.00,普通,斤,2021-05-31
白玉菇,3.00,3.50,4.00,普通,斤,2021-05-31
口蘑,7.00,7.50,8.00,普通,斤,2021-05-31
杏鲍菇,2.00,2.50,3.00,普通,斤,2021-05-31
水蜜桃,10.00,12.00,14.00,桃李杏类,斤,2021-05-28
春雪,4.00,6.00,8.00,桃李杏类,斤,2021-05-28
黄油桃,4.00,6.00,8.00,桃李杏类,斤,2021-05-28
黄毛桃,10.00,11.00,12.00,桃李杏类,斤,2021-05-28
突围,3.00,3.75,4.50,桃李杏类,斤,2021-05-28
猕猴桃（徐香翠香）,2.50,3.00,3.50,桃李杏类,斤,2021-05-28
猕猴桃（海沃德）,2.00,2.25,2.50,桃李杏类,斤,2021-05-28
胭脂杏,3.00,3.50,4.00,桃李杏类,斤,2021-05-28
李子,8.00,10.00,12.00,桃李杏类,斤,2021-05-28
秦杏,3.00,3.50,4.00,桃李杏类,斤,2021-05-28
金太阳,1.50,2.00,2.50,桃李杏类,斤,2021-05-28
丰源红,2.00,2.50,3.00,桃李杏类,斤,2021-05-28
凯特杏、白杏,9.00,10.00,11.00,桃李杏类,斤,2021-05-28
无籽小号-大号,1.80,1.90,2.00,西瓜类,斤,2021-05-28
麒麟、甜蜜蜜,1.80,2.10,2.40,西瓜类,斤,2021-05-28
黑美人,1.60,1.80,2.00,西瓜类,斤,2021-05-28
特小风,2.00,2.25,2.50,西瓜类,斤,2021-05-28
L600吊秧瓜,2.00,2.50,3.00,西瓜类,斤,2021-05-28
甜王,1.20,1.40,1.60,西瓜类,斤,2021-05-28
蜜童,2.80,2.90,3.00,西瓜类,斤,2021-05-28
晓蜜25号,2.00,2.20,2.40,甜瓜类,斤,2021-05-31
黄金瓜／金蜜,2.00,2.10,2.20,甜瓜类,斤,2021-05-31
玉菇,2.00,2.25,2.50,甜瓜类,斤,2021-05-31
美国蛇果,10.00,11.00,12.00,进口水果,斤,2021-05-31
智利红提,7.00,8.50,10.00,进口水果,斤,2021-05-31
澳洲黑提金手指,23.00,24.50,26.00,进口水果,斤,2021-05-31
美国新骑士,9.00,9.50,10.00,进口水果,斤,2021-05-31
比利时皮梨,6.00,6.50,7.00,进口水果,斤,2021-05-31
澳洲红李,12.00,10.00,14.00,进口水果,斤,2021-05-31
智利青提,18.00,19.00,20.00,进口水果,斤,2021-05-31
智利无籽红提,10.00,11.00,12.00,进口水果,斤,2021-05-31
泰国山竹,20.00,22.50,25.00,进口水果,斤,2021-05-31
泰国榴莲,18.00,19.00,20.00,进口水果,斤,2021-05-31
泰国毛丹,13.00,13.50,14.00,进口水果,斤,2021-05-31
越南火龙果,4.00,4.50,5.00,进口水果,斤,2021-05-31
泰国龙眼,9.00,10.00,11.00,进口水果,斤,2021-05-31
泰国椰青（个）,10.00,10.50,11.00,进口水果,斤,2021-05-31
新西兰猕猴桃,14.00,15.00,16.00,进口水果,斤,2021-05-31
比利时梨,10.00,11.00,12.00,进口水果,斤,2021-05-31
南非西柚,12.00,13.00,14.00,进口水果,斤,2021-05-31
胡桃,35.00,40.00,45.00,干果,斤,2021-05-31
国产杏仁,20.00,25.00,30.00,干果,斤,2021-05-31
普核桃,5.00,10.00,15.00,干果,斤,2021-05-31
长寿果,25.00,30.00,35.00,干果,斤,2021-05-31
绿茶南瓜子,15.00,16.50,18.00,干果,斤,2021-05-31
葡萄干,10.00,20.00,30.00,干果,斤,2021-05-31
杏核,7.00,9.50,12.00,干果,斤,2021-05-31
桂圆,9.00,12.00,15.00,干果,斤,2021-05-31
花生,6.00,6.75,7.50,干果,斤,2021-05-31
蚕豆,5.00,6.50,8.00,干果,斤,2021-05-31
生腰果,30.00,35.00,40.00,干果,斤,2021-05-31
青豆,5.00,5.50,6.00,干果,斤,2021-05-31
莲子,22.00,23.50,25.00,干果,斤,2021-05-31
情人梅,12.00,13.50,15.00,干果,斤,2021-05-31
核桃仁,18.00,21.50,25.00,干果,斤,2021-05-31
白薯干,7.00,10.00,13.00,干果,斤,2021-05-31
毛榛子,18.00,21.50,25.00,干果,斤,2021-05-31
杏肉,12.00,16.00,20.00,干果,斤,2021-05-31
话梅,8.00,9.00,10.00,干果,斤,2021-05-31
松子,50.00,55.00,60.00,干果,斤,2021-05-31
羊腰窝,40.00,40.00,40.00,羊肉类,斤,2021-05-31
羊肉片,40.00,41.50,43.00,羊肉类,斤,2021-05-31
羊腰子（挂油）,15.00,15.50,16.00,羊肉类,个,2021-05-31
羊蝎子,16.00,16.50,17.00,羊肉类,斤,2021-05-31
羊蝎子（精品）,30.00,30.50,31.00,羊肉类,斤,2021-05-31
羊排骨,30.00,30.00,30.00,羊肉类,斤,2021-05-31
羊尾巴油,9.00,9.00,9.00,羊肉类,斤,2021-05-31
羊小腿（羊棒）,24.00,24.50,25.00,羊肉类,斤,2021-05-31
羊上脑,40.00,40.00,40.00,羊肉类,斤,2021-05-31
羊骨头,10.00,10.00,10.00,羊肉类,斤,2021-05-31
羊腩,30.00,30.00,30.00,羊肉类,斤,2021-05-31
羊里脊,40.00,40.00,40.00,羊肉类,斤,2021-05-31
淘汰鸡（干净膛）,11.00,11.00,11.00,禽肉类,斤,2021-05-31
淘汰鸡（净膛）,10.00,10.00,10.00,禽肉类,斤,2021-05-31
仔鸡（净膛）,7.50,7.50,7.50,禽肉类,斤,2021-05-31
肉鸡,6.50,6.50,6.50,禽肉类,斤,2021-05-31
鸡胸,7.50,7.50,7.50,禽肉类,斤,2021-05-31
鸡翅,10.00,10.50,11.00,禽肉类,斤,2021-05-31
鸡翅中,21.00,21.00,21.00,禽肉类,斤,2021-05-31
鸡边腿,7.00,7.00,7.00,禽肉类,斤,2021-05-31
后臀尖（肥）,9.00,9.50,10.00,猪肉类,斤,2021-05-31
五花肉（瘦）,13.00,13.50,14.00,猪肉类,斤,2021-05-31
五花肉（肥）,12.00,12.50,13.00,猪肉类,斤,2021-05-31
纯通脊,12.00,12.50,13.00,猪肉类,斤,2021-05-31
通脊,10.00,11.00,12.00,猪肉类,斤,2021-05-31
纯瘦肉,11.00,11.50,12.00,猪肉类,斤,2021-05-31
前肘,11.00,11.50,12.00,猪肉类,斤,2021-05-31
后肘,9.00,10.00,11.00,猪肉类,斤,2021-05-31
猪尾巴,43.00,44.00,45.00,猪肉类,斤,2021-05-31
猪蹄,18.00,18.00,18.00,猪肉类,斤,2021-05-31
纯排骨,21.00,22.00,23.00,猪肉类,斤,2021-05-31
纯腔骨,9.00,10.50,12.00,猪肉类,斤,2021-05-31
腔排骨,14.00,15.00,16.00,猪肉类,斤,2021-05-31
棒骨,10.00,10.50,11.00,猪肉类,斤,2021-05-31
猪头,13.00,13.50,14.00,猪肉类,斤,2021-05-31
猪耳,26.00,26.00,26.00,猪肉类,斤,2021-05-31
猪肚,19.00,19.50,20.00,猪肉类,斤,2021-05-31
猪板油,10.00,10.50,11.00,猪肉类,斤,2021-05-31
肥膘肉,7.00,7.50,8.00,猪肉类,斤,2021-05-31
猪腰子,20.00,20.50,21.00,猪肉类,斤,2021-05-31
南豆腐（屉）,1.80,1.80,1.80,豆制品,斤,2021-05-31
白玉北豆腐,4.00,4.00,4.00,豆制品,盒,2021-05-31
香香北豆腐,3.00,3.00,3.00,豆制品,盒,2021-05-31
白玉南豆腐,5.50,5.50,5.50,豆制品,盒,2021-05-31
豆腐丝,5.00,5.00,5.00,豆制品,斤,2021-05-31
精品豆腐丝,6.00,6.00,6.00,豆制品,袋,2021-05-31
豆腐皮,5.50,5.50,5.50,豆制品,斤,2021-05-31
豆腐干,4.50,4.50,4.50,豆制品,斤,2021-05-31
精品豆腐干,5.00,5.00,5.00,豆制品,袋,2021-05-31
豆腐泡,5.50,5.50,5.50,豆制品,斤,2021-05-31
精品豆腐泡,5.00,5.00,5.00,豆制品,袋,2021-05-31
白玉内酯豆腐,2.50,2.50,2.50,豆制品,盒,2021-05-31
香香内脂豆腐,1.50,1.50,1.50,豆制品,盒,2021-05-31
鲤鱼,12.00,12.00,12.00,750g-1000g,斤,2021-05-31
鲤鱼,12.00,12.00,12.00,>1000g,斤,2021-05-31
草鱼,14.00,14.00,14.00,750g-1000g,斤,2021-05-31
草鱼,14.00,14.00,14.00,>1000g,斤,2021-05-31
鲫鱼,15.00,15.00,15.00,200g-250g,斤,2021-05-31
鲫鱼,16.00,16.00,16.00,350g-400g,斤,2021-05-31
胖头鱼,15.00,15.00,15.00,>2000g,斤,2021-05-31
鲍鱼果,20.00,22.50,25.00,干果,斤,2021-05-31
香蕉干,11.00,12.50,14.00,干果,斤,2021-05-31
开心果,33.00,41.50,50.00,干果,斤,2021-05-31
美杏仁,25.00,30.00,35.00,干果,斤,2021-05-31
夏威夷果,24.00,29.50,35.00,干果,斤,2021-05-31
猕猴桃干,12.00,13.50,15.00,干果,斤,2021-05-31
薄皮核桃,10.00,11.00,12.00,干果,斤,2021-05-31
葵花籽,5.50,7.75,10.00,干果,斤,2021-05-31
黑瓜子,9.50,10.75,12.00,干果,斤,2021-05-31
白瓜子,15.00,15.50,16.00,干果,斤,2021-05-31
新疆干枣散装,6.50,13.25,20.00,干果,斤,2021-05-31
山楂干,12.00,13.50,15.00,干果,斤,2021-05-31
熟腰果,20.00,30.00,40.00,干果,斤,2021-05-31
巴旦木,20.00,27.50,35.00,干果,斤,2021-05-31
五香花生米,7.00,8.50,10.00,干果,斤,2021-05-31
白条猪（瘦）,11.50,11.50,11.50,猪肉类,斤,2021-05-31
白条猪（肥）,9.25,9.25,9.25,猪肉类,斤,2021-05-31
前臀尖（瘦）,10.00,10.50,11.00,猪肉类,斤,2021-05-31
前臀尖（肥）,9.00,9.50,10.00,猪肉类,斤,2021-05-31
后臀尖（瘦）,10.00,10.50,11.00,猪肉类,斤,2021-05-31
武昌鱼,12.00,12.50,13.00,700g左右,斤,2021-05-31
鲢鱼,5.00,5.50,6.00,1000-1500g,斤,2021-05-31
桂鱼,65.00,67.00,69.00,中桂,斤,2021-05-31
嘎鱼,24.00,24.50,25.00,<100g,斤,2021-05-31
淡水鲈鱼,25.00,25.00,25.00,活,斤,2021-05-31
白虾,42.00,43.50,45.00,活,斤,2021-05-31
新蒜,1.80,2.40,3.00,普通,斤,2021-05-30
蒜米,3.20,3.50,3.80,普通,斤,2021-05-30
大葱,1.50,1.65,1.80,冀,斤,2021-05-30
小葱,1.00,1.25,1.50,普通,斤,2021-05-30
蒜苗,1.50,3.15,4.80,苏鲁,斤,2021-05-30
蒜黄,4.60,4.80,5.00,冀,斤,2021-05-30
青蒜,2.40,2.70,3.00,冀,斤,2021-05-30
平菇,6.50,6.75,7.00,小叶,斤,2021-05-30
香菇,3.00,4.00,5.00,普通,斤,2021-05-30
白玉菇,3.00,3.50,4.00,普通,斤,2021-05-30
口蘑,7.00,7.50,8.00,普通,斤,2021-05-30
杏鲍菇,2.00,2.50,3.00,普通,斤,2021-05-30
金针菇,1.50,2.00,2.50,普通,斤,2021-05-30
大白菜,0.30,0.33,0.35,储存新,斤,2021-05-30
鸡排腿,7.50,7.50,7.50,禽肉类,斤,2021-05-31
鸡琵琶腿,7.50,7.75,8.00,禽肉类,斤,2021-05-31
鸡爪,16.00,16.00,16.00,禽肉类,斤,2021-05-31
鸡头,2.00,2.25,2.50,禽肉类,斤,2021-05-31
鸡架子,2.00,2.25,2.50,禽肉类,斤,2021-05-31
鸡翅根,9.00,9.00,9.00,禽肉类,斤,2021-05-31
白条乌鸡（净膛）,13.00,13.00,13.00,禽肉类,斤,2021-05-31
箱鸡蛋,190.00,192.50,195.00,蛋类,斤,2021-05-31
箱鸡蛋,4.32,4.38,4.43,蛋类,斤,2021-05-31
散鸡蛋,4.60,4.60,4.60,蛋类,斤,2021-05-31
生鸭蛋,5.50,6.00,6.50,蛋类,斤,2021-05-31
熟鸭蛋,6.00,6.75,7.50,蛋类,斤,2021-05-31
松花蛋,6.20,7.10,8.00,蛋类,斤,2021-05-31
鹅蛋,12.00,12.50,13.00,蛋类,斤,2021-05-31
鹌鹑蛋,6.00,6.50,7.00,蛋类,斤,2021-05-31
柴鸡蛋,4.70,7.35,10.00,蛋类,斤,2021-05-31
乌鸡蛋,7.50,8.00,8.50,蛋类,斤,2021-05-31
鸵鸟蛋,100.00,110.00,120.00,蛋类,个,2021-05-31
鸽子蛋,2.50,2.55,2.60,蛋类,个,2021-05-31
北豆腐（屉）,1.60,1.60,1.60,豆制品,斤,2021-05-31
猪心,10.00,10.00,10.00,猪肉类,斤,2021-05-31
猪肝,9.50,9.75,10.00,猪肉类,斤,2021-05-31
猪皮,3.00,4.50,6.00,猪肉类,斤,2021-05-31
猪肠,21.00,21.50,22.00,猪肉类,斤,2021-05-31
整牛,34.25,34.25,34.25,牛肉类,斤,2021-05-31
牛前腱,37.00,37.00,37.00,牛肉类,斤,2021-05-31
牛后腱,37.00,37.00,37.00,牛肉类,斤,2021-05-31
牛前腿,35.00,35.00,35.00,牛肉类,斤,2021-05-31
牛后腿,35.00,35.00,35.00,牛肉类,斤,2021-05-31
牛柳（里脊）,37.00,37.50,38.00,牛肉类,斤,2021-05-31
精牛柳,41.00,42.00,43.00,牛肉类,斤,2021-05-31
牛腩,35.00,35.00,35.00,牛肉类,斤,2021-05-31
牛林,35.00,35.00,35.00,牛肉类,斤,2021-05-31
牛骨,4.50,4.75,5.00,牛肉类,斤,2021-05-31
牛板筋,35.00,35.00,35.00,牛肉类,斤,2021-05-31
牛尾,33.00,34.00,35.00,牛肉类,斤,2021-05-31
牛上脑,35.00,35.00,35.00,牛肉类,斤,2021-05-31
整羊,28.00,28.50,29.00,羊肉类,斤,2021-05-31
去骨羊前腿,40.00,40.50,41.00,羊肉类,斤,2021-05-31
去骨羊后腿,41.00,41.50,42.00,羊肉类,斤,2021-05-31
水晶,12.00,15.00,18.00,樱桃类,斤,2021-05-28
佳红,70.00,105.00,140.00,樱桃类,斤,2021-05-28
美国红,10.00,10.50,11.00,樱桃类,斤,2021-05-28
美早,10.00,25.00,40.00,樱桃类,斤,2021-05-28
布鲁克斯,12.00,14.00,16.00,樱桃类,斤,2021-05-28
先锋樱桃,12.00,13.50,15.00,樱桃类,斤,2021-05-28
沙蜜托,11.00,13.00,15.00,樱桃类,斤,2021-05-28
椰青个,6.00,6.25,6.50,其他类,斤,2021-05-28
箱装菠萝（上六下六）,1.20,1.40,1.60,其他类,斤,2021-05-28
国产凤梨,2.00,2.40,2.80,其他类,斤,2021-05-28
香水菠萝,3.00,3.25,3.50,其他类,斤,2021-05-28
百香果,12.00,12.50,13.00,其他类,斤,2021-05-28
桑葚,3.50,4.00,4.50,其他类,斤,2021-05-28
白草莓（日本淡雪）,12.00,14.00,16.00,其他类,斤,2021-05-28
红颜九九草莓,7.00,8.00,9.00,其他类,斤,2021-05-28
杨梅,8.00,10.00,12.00,其他类,斤,2021-05-28
甜宝(奶油)草莓,4.00,5.50,7.00,其他类,斤,2021-05-28
火龙果,4.00,5.50,7.00,其他类,斤,2021-05-28
木瓜,3.00,3.25,3.50,其他类,斤,2021-05-28
柿饼,6.00,7.00,8.00,其他类,斤,2021-05-28
绿豆芽,0.95,0.98,1.00,普通,斤,2021-05-30
黄豆芽,0.85,0.88,0.90,普通,斤,2021-05-30
紫菜苔,3.00,3.25,3.50,普通,斤,2021-05-30
番茄,1.00,1.25,1.50,川鲁蒙,斤,2021-05-30
番茄（精品）,1.50,1.65,1.80,鲁新,斤,2021-05-30
樱西,4.00,4.50,5.00,小红,斤,2021-05-30
黄瓜,1.00,1.25,1.50,蒙辽袋鲁,斤,2021-05-30
黄瓜(鲜干花),1.50,1.65,1.80,冀,斤,2021-05-30
小黄瓜,2.00,2.50,3.00,旱荷兰,斤,2021-05-30
茄子,0.80,1.00,1.20,冀,斤,2021-05-30
长茄,0.80,1.10,1.40,辽,斤,2021-05-30
广茄,1.20,1.40,1.60,滇、冀,斤,2021-05-30
线茄,2.00,2.50,3.00,冀,斤,2021-05-30
吊冬瓜,0.65,0.70,0.75,琼,斤,2021-05-30
地冬瓜,0.55,0.57,0.60,桂,斤,2021-05-30
小毛冬瓜,0.80,0.90,1.00,冀圆鲁新,斤,2021-05-30
架豆,2.50,2.90,3.30,普通,斤,2021-05-30
豆王,2.50,3.75,5.00,普通,斤,2021-05-30
扁豆,2.00,3.50,5.00,冀鲁聊城,斤,2021-05-30
豇豆,2.50,2.75,3.00,鲁京,斤,2021-05-30
绿宝（p2）,1.80,1.90,2.00,西瓜类,斤,2021-05-30
国产香蕉,2.20,2.60,3.00,香蕉类,斤,2021-05-30
南美、菲律宾香蕉,2.50,3.00,3.50,香蕉类,斤,2021-05-30
泰国香蕉（帝王蕉）,8.00,8.50,9.00,香蕉类,斤,2021-05-30
晓蜜25号,2.00,2.20,2.40,甜瓜类,斤,2021-05-30
黄金瓜／金蜜,2.00,2.10,2.20,甜瓜类,斤,2021-05-30
玉菇,2.00,2.25,2.50,甜瓜类,斤,2021-05-30
网纹,3.00,3.25,3.50,甜瓜类,斤,2021-05-30
长香玉,1.40,1.50,1.60,甜瓜类,斤,2021-05-30
西洲蜜,2.00,2.50,3.00,甜瓜类,斤,2021-05-30
24白糖罐,2.50,2.75,3.00,甜瓜类,斤,2021-05-30
羊角蜜,2.30,3.65,5.00,甜瓜类,斤,2021-05-30
花蕾甜瓜,3.00,4.00,5.00,甜瓜类,斤,2021-05-30
久红瑞,2.00,2.15,2.30,甜瓜类,斤,2021-05-30
绿宝甜瓜,2.00,3.50,5.00,甜瓜类,斤,2021-05-30
博阳（系列）,2.20,3.10,4.00,甜瓜类,斤,2021-05-30
景甜,1.50,2.50,3.50,甜瓜类,斤,2021-05-30
富士（纸袋Φ70-84）,1.80,2.30,2.80,苹果类,斤,2021-05-30
富士（纸+膜袋）,1.50,1.75,2.00,苹果类,斤,2021-05-30
富士（纸袋Φ85以上）,2.50,3.00,3.50,苹果类,斤,2021-05-30
线椒,2.50,2.85,3.20,鲁琼新,斤,2021-05-30
杭椒,2.50,2.75,3.00,普通,斤,2021-05-30
小米椒,4.00,4.50,5.00,滇,斤,2021-05-30
彩椒,4.00,4.50,5.00,红黄,斤,2021-05-30
白萝卜,0.30,0.35,0.40,冀,斤,2021-05-30
心里美,2.00,2.30,2.60,冀新,斤,2021-05-30
卞萝卜,0.50,0.60,0.70,冀,斤,2021-05-30
青萝卜,0.80,0.90,1.00,冀鲁新,斤,2021-05-30
胡萝卜,0.80,0.85,0.90,冀鲁新,斤,2021-05-30
胡萝卜（洗）,0.80,0.90,1.00,冀闽箱,斤,2021-05-30
小水萝卜,0.90,1.00,1.10,普通,斤,2021-05-30
土豆,0.70,0.80,0.90,冀,斤,2021-05-30
新土豆（黄心）,0.70,1.00,1.30,鲁,斤,2021-05-30
黄葱头,1.00,1.13,1.25,蒙甘,斤,2021-05-30
红葱头,1.20,1.35,1.50,老新,斤,2021-05-30
山药,1.80,2.25,2.70,脆麻新,斤,2021-05-30
铁棍山药,5.00,5.50,6.00,普通,斤,2021-05-30
莲藕,2.00,3.10,4.20,津,斤,2021-05-30
红薯,1.00,1.40,1.80,冀新,斤,2021-05-30
红薯,2.00,2.10,2.20,西瓜红粤新,斤,2021-05-30
凉薯,2.00,2.15,2.30,普通,斤,2021-05-28
荸荠,3.00,3.40,3.80,皖,斤,2021-05-28
芋头,2.00,2.50,3.00,鲁,斤,2021-05-28
苇叶,3.40,3.45,3.50,普通,斤,2021-05-28
姜,3.00,4.00,5.00,姜头整,斤,2021-05-28
大蒜,2.50,3.00,3.50,普通,斤,2021-05-28
新蒜,1.80,2.40,3.00,普通,斤,2021-05-28
蒜米,3.20,3.50,3.80,普通,斤,2021-05-28
大葱,1.70,1.80,1.90,冀,斤,2021-05-28
小葱,1.20,1.35,1.50,普通,斤,2021-05-28
蒜苗,1.50,3.15,4.80,苏鲁,斤,2021-05-28
蒜黄,4.80,4.90,5.00,冀,斤,2021-05-28
青蒜,2.60,2.80,3.00,冀,斤,2021-05-28
平菇,6.50,6.75,7.00,小叶,斤,2021-05-28
香菇,3.00,4.00,5.00,普通,斤,2021-05-28
白玉菇,3.00,3.50,4.00,普通,斤,2021-05-28
口蘑,7.00,7.50,8.00,普通,斤,2021-05-28
杏鲍菇,2.00,2.50,3.00,普通,斤,2021-05-28
金针菇,1.50,2.00,2.50,普通,斤,2021-05-28
油菜,1.00,1.25,1.50,水菜,斤,2021-05-28
新蒜,1.80,2.40,3.00,普通,斤,2021-05-29
蒜米,3.20,3.50,3.80,普通,斤,2021-05-29
大葱,1.50,1.65,1.80,冀,斤,2021-05-29
小葱,1.20,1.35,1.50,普通,斤,2021-05-29
蒜苗,1.50,3.15,4.80,苏鲁,斤,2021-05-29
蒜黄,4.80,4.90,5.00,冀,斤,2021-05-29
青蒜,2.60,2.80,3.00,冀,斤,2021-05-29
平菇,6.50,6.75,7.00,小叶,斤,2021-05-29
香菇,3.00,4.00,5.00,普通,斤,2021-05-29
白玉菇,3.00,3.50,4.00,普通,斤,2021-05-29
口蘑,7.00,7.50,8.00,普通,斤,2021-05-29
杏鲍菇,2.00,2.50,3.00,普通,斤,2021-05-29
金针菇,1.50,2.00,2.50,普通,斤,2021-05-29
椰青个,6.00,6.25,6.50,其他类,斤,2021-05-29
箱装菠萝（上六下六）,1.20,1.40,1.60,其他类,斤,2021-05-29
国产凤梨,1.60,2.00,2.40,其他类,斤,2021-05-29
香水菠萝,3.00,3.25,3.50,其他类,斤,2021-05-29
百香果,12.00,12.50,13.00,其他类,斤,2021-05-29
桑葚,3.50,4.00,4.50,其他类,斤,2021-05-29
白草莓（日本淡雪）,12.00,14.00,16.00,其他类,斤,2021-05-29
娃娃菜,0.50,0.55,0.60,大小,斤,2021-05-30
小白菜,0.60,0.65,0.70,普通,斤,2021-05-30
芹菜,0.70,0.85,1.00,冀,斤,2021-05-30
西芹,1.80,2.00,2.20,普通,斤,2021-05-30
菠菜,1.30,1.50,1.70,鲁冀,斤,2021-05-30
莴笋,1.20,1.50,1.80,闽浙鲁,斤,2021-05-30
团生菜,0.80,0.90,1.00,毛|净,斤,2021-05-30
圆白菜,0.40,0.45,0.50,冀,斤,2021-05-30
紫甘蓝,0.70,0.80,0.90,闽云,斤,2021-05-30
散叶生菜,1.00,1.40,1.80,京,斤,2021-05-30
油菜,0.80,1.00,1.20,鲁京,斤,2021-05-30
香菜,1.00,1.25,1.50,鲁冀,斤,2021-05-30
茴香,1.00,1.25,1.50,冀,斤,2021-05-30
韭菜,0.80,0.90,1.00,普通,斤,2021-05-30
韭菜苔,3.50,3.65,3.80,普通,斤,2021-05-30
苦菊,1.00,1.15,1.30,辽,斤,2021-05-30
油麦菜,1.20,1.40,1.60,京,斤,2021-05-30
散菜花,1.10,1.30,1.50,豫苏,斤,2021-05-30
绿菜花,1.50,1.75,2.00,冀 苏陕,斤,2021-05-30
菜花,1.40,1.50,1.60,云,斤,2021-05-30
茭白,2.50,3.00,3.50,京浙,斤,2021-05-30
凉薯,2.00,2.15,2.30,普通,斤,2021-05-30
荸荠,3.00,3.40,3.80,皖,斤,2021-05-30
芋头,2.00,2.25,2.50,鲁,斤,2021-05-30
苇叶,3.40,3.45,3.50,普通,斤,2021-05-30
姜,3.00,4.00,5.00,姜头整,斤,2021-05-30
大蒜,2.50,3.00,3.50,普通,斤,2021-05-30
椰青个,6.00,6.25,6.50,其他类,斤,2021-05-30
箱装菠萝（上六下六）,1.20,1.40,1.60,其他类,斤,2021-05-30
国产凤梨,1.60,2.00,2.40,其他类,斤,2021-05-30
香水菠萝,3.00,3.25,3.50,其他类,斤,2021-05-30
百香果,12.00,12.50,13.00,其他类,斤,2021-05-30
桑葚,3.50,4.00,4.50,其他类,斤,2021-05-30
白草莓（日本淡雪）,12.00,14.00,16.00,其他类,斤,2021-05-30
红颜九九草莓,7.00,8.00,9.00,其他类,斤,2021-05-30
杨梅,8.00,10.00,12.00,其他类,斤,2021-05-30
火龙果,3.00,4.50,6.00,其他类,斤,2021-05-30
木瓜,3.00,3.25,3.50,其他类,斤,2021-05-30
柿饼,6.00,7.00,8.00,其他类,斤,2021-05-30
柠檬,3.50,3.75,4.00,其他类,斤,2021-05-30
金针菇,1.50,2.00,2.50,普通,斤,2021-05-31
油菜,1.00,1.15,1.30,水菜,斤,2021-05-31
小白菜,1.50,1.75,2.00,水菜,斤,2021-05-31
油麦菜,1.20,1.35,1.50,水菜,斤,2021-05-31
奶白菜,2.00,2.25,2.50,水菜,斤,2021-05-31
散生菜,1.50,1.65,1.80,水菜,斤,2021-05-31
香葱,3.00,3.25,3.50,水菜,斤,2021-05-31
茼蒿,8.00,8.50,9.00,水菜,斤,2021-05-31
蒿子秆,2.50,2.75,3.00,水菜,斤,2021-05-31
水萝卜,2.00,2.25,2.50,水菜,斤,2021-05-31
樱桃萝卜,2.00,2.50,3.00,水菜,斤,2021-05-31
香芹,1.50,1.75,2.00,水菜,斤,2021-05-31
菠菜,3.50,3.75,4.00,水菜,斤,2021-05-31
苋菜,2.00,2.50,3.00,水菜,斤,2021-05-31
菊花菜,1.00,1.25,1.50,水菜,斤,2021-05-31
青蒜,2.50,2.75,3.00,水菜,斤,2021-05-31
盖菜,2.00,2.25,2.50,水菜,斤,2021-05-31
芥兰,2.00,2.25,2.50,水菜,斤,2021-05-31
菜心,2.00,2.25,2.50,水菜,斤,2021-05-31
空心菜,2.50,2.75,3.00,水菜,斤,2021-05-31
青萝卜,0.90,1.00,1.10,冀鲁新,斤,2021-05-29
胡萝卜,0.80,0.90,1.00,冀鲁新,斤,2021-05-29
胡萝卜（洗）,0.80,1.00,1.20,冀闽箱,斤,2021-05-29
小水萝卜,0.90,1.00,1.10,普通,斤,2021-05-29
土豆,0.70,0.85,1.00,冀,斤,2021-05-29
新土豆（黄心）,0.70,1.00,1.30,鲁,斤,2021-05-29
黄葱头,1.00,1.13,1.25,蒙甘,斤,2021-05-29
红葱头,1.20,1.35,1.50,老新,斤,2021-05-29
山药,1.80,2.25,2.70,脆麻新,斤,2021-05-29
铁棍山药,5.00,5.75,6.50,普通,斤,2021-05-29
莲藕,2.00,3.10,4.20,津,斤,2021-05-29
红薯,1.00,1.45,1.90,冀新,斤,2021-05-29
红薯,2.00,2.10,2.20,西瓜红粤新,斤,2021-05-29
茭白,2.50,3.00,3.50,京浙,斤,2021-05-29
凉薯,2.00,2.15,2.30,普通,斤,2021-05-29
荸荠,3.00,3.40,3.80,皖,斤,2021-05-29
芋头,2.00,2.50,3.00,鲁,斤,2021-05-29
苇叶,3.40,3.45,3.50,普通,斤,2021-05-29
姜,3.00,4.00,5.00,姜头整,斤,2021-05-29
大蒜,2.50,3.00,3.50,普通,斤,2021-05-29
圆白菜,0.30,0.40,0.50,冀,斤,2021-05-29
紫甘蓝,0.70,0.80,0.90,闽云,斤,2021-05-29
散叶生菜,1.00,1.40,1.80,京,斤,2021-05-29
油菜,0.80,1.00,1.20,鲁京,斤,2021-05-29
香菜,1.00,1.25,1.50,鲁冀,斤,2021-05-29
茴香,1.00,1.25,1.50,冀,斤,2021-05-29
韭菜,0.80,0.90,1.00,普通,斤,2021-05-29
韭菜苔,3.50,3.75,4.00,普通,斤,2021-05-29
苦菊,1.00,1.15,1.30,辽,斤,2021-05-29
油麦菜,1.40,1.55,1.70,京,斤,2021-05-29
散菜花,1.10,1.30,1.50,豫苏,斤,2021-05-29
绿菜花,1.50,1.75,2.00,冀 苏陕,斤,2021-05-29
菜花,1.40,1.50,1.60,云,斤,2021-05-29
绿豆芽,0.95,0.98,1.00,普通,斤,2021-05-29
黄豆芽,0.85,0.88,0.90,普通,斤,2021-05-29
紫菜苔,3.00,3.25,3.50,普通,斤,2021-05-29
番茄,1.00,1.25,1.50,川鲁蒙,斤,2021-05-29
番茄（精品）,1.50,1.65,1.80,鲁新,斤,2021-05-29
樱西,4.00,4.50,5.00,小红,斤,2021-05-29
黄瓜,1.10,1.30,1.50,蒙辽袋鲁,斤,2021-05-29
玉米,1.40,1.50,1.60,鲁,斤,2021-05-29
花生,4.50,4.85,5.20,广东海南,斤,2021-05-29
苦瓜,2.00,2.15,2.30,鲁,斤,2021-05-29
丝瓜,1.60,1.90,2.20,豫鲁,斤,2021-05-29
丝瓜,3.00,3.50,4.00,短,斤,2021-05-29
瓠子,1.80,2.05,2.30,普通,斤,2021-05-29
西葫芦,0.80,1.00,1.20,滇鲁,斤,2021-05-29
佛手瓜,2.20,2.35,2.50,普通,斤,2021-05-29
金丝南瓜,0.80,0.90,1.00,琼,斤,2021-05-29
南北瓜,0.90,0.95,1.00,桂,斤,2021-05-29
尖椒,1.50,1.75,2.00,冀晋鲁新,斤,2021-05-29
螺丝椒,2.00,2.50,3.00,普通,斤,2021-05-29
柿子椒,1.50,1.75,2.00,鲁新,斤,2021-05-29
线椒,2.80,3.00,3.20,鲁琼新,斤,2021-05-29
杭椒,2.50,2.75,3.00,普通,斤,2021-05-29
小米椒,4.00,4.50,5.00,滇,斤,2021-05-29
彩椒,5.00,5.10,5.20,红黄,斤,2021-05-29
白萝卜,0.30,0.35,0.40,冀,斤,2021-05-29
心里美,2.00,2.30,2.60,冀新,斤,2021-05-29
卞萝卜,0.50,0.60,0.70,冀,斤,2021-05-29
去骨羊前腿,40.00,40.50,41.00,羊肉类,斤,2021-05-30
去骨羊后腿,41.00,41.50,42.00,羊肉类,斤,2021-05-30
羊腰窝,40.00,40.00,40.00,羊肉类,斤,2021-05-30
羊肉片,40.00,41.50,43.00,羊肉类,斤,2021-05-30
羊腰子（挂油）,15.00,15.50,16.00,羊肉类,个,2021-05-30
羊蝎子,16.00,16.50,17.00,羊肉类,斤,2021-05-30
羊蝎子（精品）,30.00,30.50,31.00,羊肉类,斤,2021-05-30
羊排骨,30.00,30.00,30.00,羊肉类,斤,2021-05-30
羊尾巴油,9.00,9.00,9.00,羊肉类,斤,2021-05-30
羊小腿（羊棒）,24.00,24.50,25.00,羊肉类,斤,2021-05-30
羊上脑,40.00,40.00,40.00,羊肉类,斤,2021-05-30
羊骨头,10.00,10.00,10.00,羊肉类,斤,2021-05-30
羊腩,30.00,30.00,30.00,羊肉类,斤,2021-05-30
羊里脊,40.00,40.00,40.00,羊肉类,斤,2021-05-30
淘汰鸡（干净膛）,11.00,11.00,11.00,禽肉类,斤,2021-05-30
淘汰鸡（净膛）,10.00,10.00,10.00,禽肉类,斤,2021-05-30
仔鸡（净膛）,7.50,7.50,7.50,禽肉类,斤,2021-05-30
肉鸡,6.50,6.50,6.50,禽肉类,斤,2021-05-30
鸡胸,7.50,7.50,7.50,禽肉类,斤,2021-05-30
鸡翅,10.00,10.50,11.00,禽肉类,斤,2021-05-30
鸡琵琶腿,7.50,7.75,8.00,禽肉类,斤,2021-05-28
鸡爪,16.00,16.00,16.00,禽肉类,斤,2021-05-28
鸡头,2.00,2.25,2.50,禽肉类,斤,2021-05-28
鸡架子,2.00,2.25,2.50,禽肉类,斤,2021-05-28
鸡翅根,9.00,9.00,9.00,禽肉类,斤,2021-05-28
白条乌鸡（净膛）,13.00,13.00,13.00,禽肉类,斤,2021-05-28
箱鸡蛋,190.00,192.50,195.00,蛋类,斤,2021-05-28
箱鸡蛋,4.32,4.38,4.43,蛋类,斤,2021-05-28
散鸡蛋,4.60,4.60,4.60,蛋类,斤,2021-05-28
生鸭蛋,5.50,6.00,6.50,蛋类,斤,2021-05-28
熟鸭蛋,6.00,6.75,7.50,蛋类,斤,2021-05-28
松花蛋,6.20,7.10,8.00,蛋类,斤,2021-05-28
鹅蛋,12.00,12.50,13.00,蛋类,斤,2021-05-28
鹌鹑蛋,6.00,6.50,7.00,蛋类,斤,2021-05-28
柴鸡蛋,4.70,7.35,10.00,蛋类,斤,2021-05-28
乌鸡蛋,7.50,8.00,8.50,蛋类,斤,2021-05-28
鸵鸟蛋,100.00,110.00,120.00,蛋类,个,2021-05-28
鸽子蛋,2.50,2.55,2.60,蛋类,个,2021-05-28
北豆腐（屉）,1.80,1.80,1.80,豆制品,斤,2021-05-28
南豆腐（屉）,2.00,2.00,2.00,豆制品,斤,2021-05-28
猪心,10.00,10.00,10.00,猪肉类,斤,2021-05-30
猪肝,9.50,9.75,10.00,猪肉类,斤,2021-05-30
猪皮,3.00,4.50,6.00,猪肉类,斤,2021-05-30
猪肠,21.00,21.50,22.00,猪肉类,斤,2021-05-30
整牛,34.25,34.25,34.25,牛肉类,斤,2021-05-30
牛前腱,37.00,37.00,37.00,牛肉类,斤,2021-05-30
牛后腱,37.00,37.00,37.00,牛肉类,斤,2021-05-30
牛前腿,35.00,35.00,35.00,牛肉类,斤,2021-05-30
牛后腿,35.00,35.00,35.00,牛肉类,斤,2021-05-30
牛柳（里脊）,37.00,37.50,38.00,牛肉类,斤,2021-05-30
精牛柳,41.00,42.00,43.00,牛肉类,斤,2021-05-30
牛腩,35.00,35.00,35.00,牛肉类,斤,2021-05-30
大白菜,0.30,0.33,0.35,储存新,斤,2021-05-29
娃娃菜,0.50,0.55,0.60,大小,斤,2021-05-29
小白菜,0.60,0.65,0.70,普通,斤,2021-05-29
芹菜,0.70,0.85,1.00,冀,斤,2021-05-29
西芹,1.80,2.00,2.20,普通,斤,2021-05-29
菠菜,1.30,1.50,1.70,鲁冀,斤,2021-05-29
莴笋,1.20,1.40,1.60,闽浙鲁,斤,2021-05-29
团生菜,0.80,0.90,1.00,毛|净,斤,2021-05-29
黄瓜(鲜干花),1.50,1.65,1.80,冀,斤,2021-05-29
小黄瓜,2.00,2.50,3.00,旱荷兰,斤,2021-05-29
茄子,0.80,1.00,1.20,冀,斤,2021-05-29
长茄,0.80,1.10,1.40,辽,斤,2021-05-29
广茄,1.20,1.40,1.60,滇、冀,斤,2021-05-29
线茄,2.00,2.50,3.00,冀,斤,2021-05-29
吊冬瓜,0.70,0.75,0.80,琼,斤,2021-05-29
地冬瓜,0.55,0.57,0.60,桂,斤,2021-05-29
小毛冬瓜,0.80,0.90,1.00,冀圆鲁新,斤,2021-05-29
架豆,2.50,3.00,3.50,普通,斤,2021-05-29
豆王,2.50,3.75,5.00,普通,斤,2021-05-29
扁豆,2.00,3.50,5.00,冀鲁聊城,斤,2021-05-29
豇豆,2.50,2.75,3.00,鲁京,斤,2021-05-29
白不老,2.30,2.50,2.70,滇|鲁,斤,2021-05-29
锅里变架豆,1.70,1.85,2.00,普通,斤,2021-05-29
油豆,2.50,3.25,4.00,鲁,斤,2021-05-29
毛豆,3.00,3.25,3.50,普通,斤,2021-05-29
豌豆,1.00,1.15,1.30,普通,斤,2021-05-29
蚕豆,1.20,1.25,1.30,普通,斤,2021-05-29
荷兰豆,5.00,5.50,6.00,冀云,斤,2021-05-29
鸡翅中,21.00,21.00,21.00,禽肉类,斤,2021-05-30
鸡边腿,7.00,7.00,7.00,禽肉类,斤,2021-05-30
鸡排腿,7.50,7.50,7.50,禽肉类,斤,2021-05-30
鸡琵琶腿,7.50,7.75,8.00,禽肉类,斤,2021-05-30
鸡爪,16.00,16.00,16.00,禽肉类,斤,2021-05-30
鸡头,2.00,2.25,2.50,禽肉类,斤,2021-05-30
鸡架子,2.00,2.25,2.50,禽肉类,斤,2021-05-30
鸡翅根,9.00,9.00,9.00,禽肉类,斤,2021-05-30
白条乌鸡（净膛）,13.00,13.00,13.00,禽肉类,斤,2021-05-30
箱鸡蛋,190.00,192.50,195.00,蛋类,斤,2021-05-30
箱鸡蛋,4.32,4.38,4.43,蛋类,斤,2021-05-30
散鸡蛋,4.60,4.60,4.60,蛋类,斤,2021-05-30
生鸭蛋,5.50,6.00,6.50,蛋类,斤,2021-05-30
熟鸭蛋,6.00,6.75,7.50,蛋类,斤,2021-05-30
松花蛋,6.20,7.10,8.00,蛋类,斤,2021-05-30
鹅蛋,12.00,12.50,13.00,蛋类,斤,2021-05-30
鹌鹑蛋,6.00,6.50,7.00,蛋类,斤,2021-05-30
柴鸡蛋,4.70,7.35,10.00,蛋类,斤,2021-05-30
乌鸡蛋,7.50,8.00,8.50,蛋类,斤,2021-05-30
鸵鸟蛋,100.00,110.00,120.00,蛋类,个,2021-05-30
玉纹,4.00,5.50,7.00,芒果类,斤,2021-05-30
肯特新世纪澳芒,4.50,6.00,7.50,芒果类,斤,2021-05-30
妃子笑,5.00,6.50,8.00,荔枝类,斤,2021-05-30
荔枝王,13.00,15.50,18.00,荔枝类,斤,2021-05-30
桂味,4.00,4.50,5.00,荔枝类,斤,2021-05-30
红灯,9.00,11.00,13.00,樱桃类,斤,2021-05-30
水晶,12.00,15.00,18.00,樱桃类,斤,2021-05-30
佳红,60.00,100.00,140.00,樱桃类,斤,2021-05-30
美国红,10.00,10.50,11.00,樱桃类,斤,2021-05-30
美早,10.00,25.00,40.00,樱桃类,斤,2021-05-30
布鲁克斯,12.00,14.00,16.00,樱桃类,斤,2021-05-30
黑灯,10.00,11.00,12.00,樱桃类,斤,2021-05-30
先锋樱桃,12.00,13.50,15.00,樱桃类,斤,2021-05-30
沙蜜托,10.00,12.50,15.00,樱桃类,斤,2021-05-30
牛林,35.00,35.00,35.00,牛肉类,斤,2021-05-30
牛骨,4.50,4.75,5.00,牛肉类,斤,2021-05-30
牛板筋,35.00,35.00,35.00,牛肉类,斤,2021-05-30
牛尾,33.00,34.00,35.00,牛肉类,斤,2021-05-30
牛上脑,35.00,35.00,35.00,牛肉类,斤,2021-05-30
整羊,28.00,28.50,29.00,羊肉类,斤,2021-05-30
黄元帅,1.50,1.75,2.00,苹果类,斤,2021-05-30
花牛(Φ70-85),1.40,2.00,2.60,苹果类,斤,2021-05-30
新疆阿克苏（冰糖心）,3.00,3.50,4.00,苹果类,斤,2021-05-30
国光苹果,1.00,1.50,2.00,苹果类,斤,2021-05-30
辽宁寒富苹果,1.50,1.75,2.00,苹果类,斤,2021-05-30
巨峰葡萄,5.00,8.50,12.00,葡萄类,斤,2021-05-30
红提葡萄,8.00,10.00,12.00,葡萄类,斤,2021-05-30
玫瑰香葡萄,10.00,11.50,13.00,葡萄类,斤,2021-05-30
克伦生,6.00,8.00,10.00,葡萄类,斤,2021-05-30
黑提葡萄、夏黑,8.00,9.00,10.00,葡萄类,斤,2021-05-30
蓝莓葡萄,8.00,9.00,10.00,葡萄类,斤,2021-05-30
乒乓球葡萄,10.00,11.00,12.00,葡萄类,斤,2021-05-30
维多利亚葡萄,4.00,5.00,6.00,葡萄类,斤,2021-05-30
郁金香,10.00,11.00,12.00,葡萄类,斤,2021-05-30
台农小芒果,2.50,3.25,4.00,芒果类,斤,2021-05-30
台农大芒果,3.00,4.00,5.00,芒果类,斤,2021-05-30
红金龙,4.00,5.00,6.00,芒果类,斤,2021-05-30
高乐密,2.50,3.75,5.00,芒果类,斤,2021-05-30
青皮芒果,2.50,3.25,4.00,芒果类,斤,2021-05-30
水仙芒果,3.50,4.50,5.50,芒果类,斤,2021-05-30
鸽子蛋,2.50,2.55,2.60,蛋类,个,2021-05-30
北豆腐（屉）,1.80,1.80,1.80,豆制品,斤,2021-05-30
南豆腐（屉）,2.00,2.00,2.00,豆制品,斤,2021-05-30
白玉北豆腐,4.00,4.00,4.00,豆制品,盒,2021-05-30
香香北豆腐,3.00,3.00,3.00,豆制品,盒,2021-05-30
白玉南豆腐,5.50,5.50,5.50,豆制品,盒,2021-05-30
豆腐丝,5.00,5.00,5.00,豆制品,斤,2021-05-30
精品豆腐丝,6.00,6.00,6.00,豆制品,袋,2021-05-30
豆腐皮,5.50,5.50,5.50,豆制品,斤,2021-05-30
豆腐干,4.50,4.50,4.50,豆制品,斤,2021-05-30
精品豆腐干,5.00,5.00,5.00,豆制品,袋,2021-05-30
豆腐泡,5.50,5.50,5.50,豆制品,斤,2021-05-30
精品豆腐泡,5.00,5.00,5.00,豆制品,袋,2021-05-30
白玉内酯豆腐,2.50,2.50,2.50,豆制品,盒,2021-05-30
香香内脂豆腐,1.50,1.50,1.50,豆制品,盒,2021-05-30
白条猪（瘦）,11.50,11.50,11.50,猪肉类,斤,2021-05-30
白条猪（肥）,9.15,9.15,9.15,猪肉类,斤,2021-05-30
前臀尖（瘦）,10.00,10.50,11.00,猪肉类,斤,2021-05-30
前臀尖（肥）,9.00,9.50,10.00,猪肉类,斤,2021-05-30
后臀尖（瘦）,10.00,10.50,11.00,猪肉类,斤,2021-05-30
沃柑,3.50,4.00,4.50,柑橘类,斤,2021-05-29
金桔,5.00,6.00,7.00,柑橘类,斤,2021-05-29
伦晚,1.80,2.40,3.00,柑橘类,斤,2021-05-29
油桃,2.00,5.00,8.00,桃李杏类,斤,2021-05-29
蟠桃,4.50,7.25,10.00,桃李杏类,斤,2021-05-29
水蜜桃,10.00,12.00,14.00,桃李杏类,斤,2021-05-29
春雪,2.80,5.40,8.00,桃李杏类,斤,2021-05-29
黄油桃,4.00,6.00,8.00,桃李杏类,斤,2021-05-29
黄毛桃,10.00,11.00,12.00,桃李杏类,斤,2021-05-29
突围,3.00,3.75,4.50,桃李杏类,斤,2021-05-29
猕猴桃（徐香翠香）,2.50,3.00,3.50,桃李杏类,斤,2021-05-29
猕猴桃（海沃德）,2.00,2.25,2.50,桃李杏类,斤,2021-05-29
胭脂杏,3.00,3.50,4.00,桃李杏类,斤,2021-05-29
李子,8.00,10.00,12.00,桃李杏类,斤,2021-05-29
秦杏,3.00,3.50,4.00,桃李杏类,斤,2021-05-29
金太阳,1.50,2.00,2.50,桃李杏类,斤,2021-05-29
丰源红,2.00,2.50,3.00,桃李杏类,斤,2021-05-29
凯特杏、白杏,9.00,10.00,11.00,桃李杏类,斤,2021-05-29
无籽小号-大号,1.80,1.90,2.00,西瓜类,斤,2021-05-29
麒麟、甜蜜蜜,1.80,2.10,2.40,西瓜类,斤,2021-05-29
黑美人,1.60,1.80,2.00,西瓜类,斤,2021-05-29
特小风,2.00,2.25,2.50,西瓜类,斤,2021-05-29
L600吊秧瓜,2.00,2.50,3.00,西瓜类,斤,2021-05-29
甜王,1.20,1.40,1.60,西瓜类,斤,2021-05-29
蜜童,2.00,2.15,2.30,西瓜类,斤,2021-05-29
墨童西瓜,2.00,2.15,2.30,西瓜类,斤,2021-05-29
绿宝（p2）,1.80,1.90,2.00,西瓜类,斤,2021-05-29
国产香蕉,2.20,2.60,3.00,香蕉类,斤,2021-05-29
南美、菲律宾香蕉,2.50,3.00,3.50,香蕉类,斤,2021-05-29
泰国香蕉（帝王蕉）,8.00,8.50,9.00,香蕉类,斤,2021-05-29
晓蜜25号,2.00,2.20,2.40,甜瓜类,斤,2021-05-29
黄金瓜／金蜜,2.00,2.10,2.20,甜瓜类,斤,2021-05-29
玉菇,2.00,2.25,2.50,甜瓜类,斤,2021-05-29
网纹,3.00,3.25,3.50,甜瓜类,斤,2021-05-29
长香玉,1.40,1.50,1.60,甜瓜类,斤,2021-05-29
西洲蜜,2.00,2.50,3.00,甜瓜类,斤,2021-05-29
24白糖罐,2.50,2.75,3.00,甜瓜类,斤,2021-05-29
羊角蜜,2.30,3.65,5.00,甜瓜类,斤,2021-05-29
花蕾甜瓜,3.00,4.00,5.00,甜瓜类,斤,2021-05-29
久红瑞,2.00,2.15,2.30,甜瓜类,斤,2021-05-29
绿宝甜瓜,2.00,3.50,5.00,甜瓜类,斤,2021-05-29
博阳（系列）,2.20,3.10,4.00,甜瓜类,斤,2021-05-29
景甜,1.50,2.50,3.50,甜瓜类,斤,2021-05-29
富士（纸袋Φ70-84）,1.80,2.30,2.80,苹果类,斤,2021-05-29
富士（纸+膜袋）,1.50,1.75,2.00,苹果类,斤,2021-05-29
富士（纸袋Φ85以上）,2.50,3.00,3.50,苹果类,斤,2021-05-29
黄元帅,1.50,1.75,2.00,苹果类,斤,2021-05-29
花牛(Φ70-85),1.40,2.00,2.60,苹果类,斤,2021-05-29
新疆阿克苏（冰糖心）,3.00,3.50,4.00,苹果类,斤,2021-05-29
国光苹果,1.00,1.50,2.00,苹果类,斤,2021-05-29
辽宁寒富苹果,1.50,1.75,2.00,苹果类,斤,2021-05-29
巨峰葡萄,5.00,8.50,12.00,葡萄类,斤,2021-05-29
红提葡萄,8.00,10.00,12.00,葡萄类,斤,2021-05-29
玫瑰香葡萄,10.00,11.50,13.00,葡萄类,斤,2021-05-29
克伦生,6.00,8.00,10.00,葡萄类,斤,2021-05-29
黑提葡萄、夏黑,8.00,9.00,10.00,葡萄类,斤,2021-05-29
蓝莓葡萄,8.00,9.00,10.00,葡萄类,斤,2021-05-29
乒乓球葡萄,10.00,11.00,12.00,葡萄类,斤,2021-05-29
维多利亚葡萄,4.00,5.00,6.00,葡萄类,斤,2021-05-29
郁金香,10.00,11.00,12.00,葡萄类,斤,2021-05-29
香香北豆腐,3.00,3.00,3.00,豆制品,盒,2021-05-29
白玉南豆腐,5.50,5.50,5.50,豆制品,盒,2021-05-29
豆腐丝,5.00,5.00,5.00,豆制品,斤,2021-05-29
精品豆腐丝,6.00,6.00,6.00,豆制品,袋,2021-05-29
豆腐皮,5.50,5.50,5.50,豆制品,斤,2021-05-29
豆腐干,4.50,4.50,4.50,豆制品,斤,2021-05-29
精品豆腐干,5.00,5.00,5.00,豆制品,袋,2021-05-29
豆腐泡,5.50,5.50,5.50,豆制品,斤,2021-05-29
精品豆腐泡,5.00,5.00,5.00,豆制品,袋,2021-05-29
白玉内酯豆腐,2.50,2.50,2.50,豆制品,盒,2021-05-29
香香内脂豆腐,1.50,1.50,1.50,豆制品,盒,2021-05-29
白条猪（瘦）,11.50,11.50,11.50,猪肉类,斤,2021-05-29
白条猪（肥）,9.15,9.15,9.15,猪肉类,斤,2021-05-29
前臀尖（瘦）,10.00,10.50,11.00,猪肉类,斤,2021-05-29
前臀尖（肥）,9.00,9.50,10.00,猪肉类,斤,2021-05-29
后臀尖（瘦）,10.00,10.50,11.00,猪肉类,斤,2021-05-29
后臀尖（肥）,9.00,9.50,10.00,猪肉类,斤,2021-05-29
五花肉（瘦）,13.00,13.50,14.00,猪肉类,斤,2021-05-29
五花肉（肥）,12.00,12.50,13.00,猪肉类,斤,2021-05-29
纯通脊,12.00,12.50,13.00,猪肉类,斤,2021-05-29
通脊,10.00,11.00,12.00,猪肉类,斤,2021-05-29
纯瘦肉,11.00,11.50,12.00,猪肉类,斤,2021-05-29
前肘,11.00,11.50,12.00,猪肉类,斤,2021-05-29
后肘,9.50,10.25,11.00,猪肉类,斤,2021-05-29
猪尾巴,43.00,44.00,45.00,猪肉类,斤,2021-05-29
猪蹄,18.00,18.00,18.00,猪肉类,斤,2021-05-29
纯排骨,21.00,22.50,24.00,猪肉类,斤,2021-05-29
纯腔骨,9.00,10.50,12.00,猪肉类,斤,2021-05-29
腔排骨,14.00,15.00,16.00,猪肉类,斤,2021-05-29
棒骨,10.00,10.50,11.00,猪肉类,斤,2021-05-29
猪头,13.00,13.50,14.00,猪肉类,斤,2021-05-29
猪耳,26.00,26.00,26.00,猪肉类,斤,2021-05-29
猪肚,19.00,19.50,20.00,猪肉类,斤,2021-05-29
猪板油,10.00,10.50,11.00,猪肉类,斤,2021-05-29
肥膘肉,7.00,7.50,8.00,猪肉类,斤,2021-05-29
猪腰子,20.00,20.50,21.00,猪肉类,斤,2021-05-29
猪心,10.00,10.00,10.00,猪肉类,斤,2021-05-29
猪肝,9.50,9.75,10.00,猪肉类,斤,2021-05-29
猪皮,3.00,4.50,6.00,猪肉类,斤,2021-05-29
猪肠,21.00,21.50,22.00,猪肉类,斤,2021-05-29
台农小芒果,2.50,3.25,4.00,芒果类,斤,2021-05-29
台农大芒果,3.00,4.00,5.00,芒果类,斤,2021-05-29
红金龙,4.00,5.00,6.00,芒果类,斤,2021-05-29
高乐密,2.50,3.75,5.00,芒果类,斤,2021-05-29
青皮芒果,2.50,3.25,4.00,芒果类,斤,2021-05-29
水仙芒果,3.50,4.50,5.50,芒果类,斤,2021-05-29
玉纹,4.00,5.50,7.00,芒果类,斤,2021-05-29
肯特新世纪澳芒,4.50,6.00,7.50,芒果类,斤,2021-05-29
妃子笑,5.00,6.50,8.00,荔枝类,斤,2021-05-29
荔枝王,13.00,15.50,18.00,荔枝类,斤,2021-05-29
桂味,4.00,4.50,5.00,荔枝类,斤,2021-05-29
红灯,9.00,11.00,13.00,樱桃类,斤,2021-05-29
水晶,12.00,15.00,18.00,樱桃类,斤,2021-05-29
佳红,60.00,100.00,140.00,樱桃类,斤,2021-05-29
美国红,10.00,10.50,11.00,樱桃类,斤,2021-05-29
美早,10.00,25.00,40.00,樱桃类,斤,2021-05-29
布鲁克斯,12.00,14.00,16.00,樱桃类,斤,2021-05-29
黑灯,10.00,11.00,12.00,樱桃类,斤,2021-05-29
先锋樱桃,12.00,13.50,15.00,樱桃类,斤,2021-05-29
沙蜜托,10.00,12.50,15.00,樱桃类,斤,2021-05-29
秘鲁牛油果,25.00,26.50,28.00,进口水果,斤,2021-05-31
台湾杨桃,5.00,6.00,7.00,进口水果,斤,2021-05-31
台湾释迦,8.00,11.00,14.00,进口水果,斤,2021-05-31
美国柠檬,12.00,12.50,13.00,进口水果,斤,2021-05-31
越南百香果,12.00,12.50,13.00,进口水果,斤,2021-05-31
新西兰姬娜果,7.00,7.50,8.00,进口水果,斤,2021-05-31
树莓,16.00,17.00,18.00,进口水果,斤,2021-05-31
美国青苹果,12.00,13.00,14.00,进口水果,斤,2021-05-31
泰国菠萝蜜,6.00,6.25,6.50,进口水果,斤,2021-05-31
台湾茂谷柑,9.00,9.50,10.00,进口水果,斤,2021-05-31
新西兰金果,22.00,23.50,25.00,进口水果,斤,2021-05-31
新西兰火参果个,8.00,8.25,8.50,进口水果,斤,2021-05-31
红心火龙果,5.50,5.75,6.00,进口水果,斤,2021-05-31
新西兰苹果,13.00,13.50,14.00,进口水果,斤,2021-05-31
黑莓,15.00,15.50,16.00,进口水果,斤,2021-05-31
菲律宾凤梨,2.40,2.70,3.00,进口水果,斤,2021-05-31
金丝小枣,4.00,5.50,7.00,干果,斤,2021-05-31
空心脆枣,5.00,6.50,8.00,干果,斤,2021-05-31
无花果,16.00,22.00,28.00,干果,斤,2021-05-31
大榛,22.00,28.50,35.00,干果,斤,2021-05-31
柠檬,3.50,3.75,4.00,其他类,斤,2021-05-28
黑枣,5.00,5.50,6.00,其他类,斤,2021-05-28
山楂,4.00,5.00,6.00,其他类,斤,2021-05-28
姑娘果（灯笼果）,10.00,15.00,20.00,其他类,斤,2021-05-28
鸭梨,1.20,1.35,1.50,梨类,斤,2021-05-28
雪花梨,1.40,1.50,1.60,梨类,斤,2021-05-28
皇冠梨（标箱）,2.50,2.75,3.00,梨类,斤,2021-05-28
丰水梨,2.50,2.75,3.00,梨类,斤,2021-05-28
酥梨,1.50,1.65,1.80,梨类,斤,2021-05-28
库尔勒香梨,3.00,3.50,4.00,梨类,斤,2021-05-28
红香酥梨系列,1.50,1.75,2.00,梨类,斤,2021-05-28
红啤梨,3.00,3.25,3.50,梨类,斤,2021-05-28
蜜梨,2.00,2.25,2.50,梨类,斤,2021-05-28
耙耙柑、丑橘,2.00,2.50,3.00,柑橘类,斤,2021-05-28
鄂、湘、川脐橙,1.50,2.10,2.70,柑橘类,斤,2021-05-28
沃柑,3.50,4.00,4.50,柑橘类,斤,2021-05-28
金桔,5.00,6.00,7.00,柑橘类,斤,2021-05-28
伦晚,1.80,2.40,3.00,柑橘类,斤,2021-05-28
油桃,2.00,5.00,8.00,桃李杏类,斤,2021-05-28
蟠桃,10.00,12.50,15.00,桃李杏类,斤,2021-05-28
猪肝,9.50,9.75,10.00,猪肉类,斤,2021-05-28
猪皮,3.00,4.50,6.00,猪肉类,斤,2021-05-28
猪肠,21.00,21.50,22.00,猪肉类,斤,2021-05-28
整牛,34.25,34.25,34.25,牛肉类,斤,2021-05-28
牛前腱,37.00,37.00,37.00,牛肉类,斤,2021-05-28
牛后腱,37.00,37.00,37.00,牛肉类,斤,2021-05-28
牛前腿,35.00,35.00,35.00,牛肉类,斤,2021-05-28
牛后腿,35.00,35.00,35.00,牛肉类,斤,2021-05-28
牛柳（里脊）,37.00,37.50,38.00,牛肉类,斤,2021-05-28
精牛柳,41.00,42.00,43.00,牛肉类,斤,2021-05-28
牛腩,35.00,35.00,35.00,牛肉类,斤,2021-05-28
牛林,35.00,35.00,35.00,牛肉类,斤,2021-05-28
牛骨,4.50,4.75,5.00,牛肉类,斤,2021-05-28
牛板筋,35.00,35.00,35.00,牛肉类,斤,2021-05-28
牛尾,33.00,34.00,35.00,牛肉类,斤,2021-05-28
牛上脑,35.00,35.00,35.00,牛肉类,斤,2021-05-28
整羊,28.00,28.50,29.00,羊肉类,斤,2021-05-28
去骨羊前腿,40.00,40.50,41.00,羊肉类,斤,2021-05-28
去骨羊后腿,41.00,41.50,42.00,羊肉类,斤,2021-05-28
羊腰窝,40.00,40.00,40.00,羊肉类,斤,2021-05-28
羊肉片,40.00,41.50,43.00,羊肉类,斤,2021-05-28
羊腰子（挂油）,15.00,15.50,16.00,羊肉类,个,2021-05-28
羊蝎子,16.00,16.50,17.00,羊肉类,斤,2021-05-28
羊蝎子（精品）,30.00,30.50,31.00,羊肉类,斤,2021-05-28
羊排骨,30.00,30.00,30.00,羊肉类,斤,2021-05-28
羊尾巴油,9.00,9.00,9.00,羊肉类,斤,2021-05-28
羊小腿（羊棒）,24.00,24.50,25.00,羊肉类,斤,2021-05-28
羊上脑,40.00,40.00,40.00,羊肉类,斤,2021-05-28
羊骨头,10.00,10.00,10.00,羊肉类,斤,2021-05-28
羊腩,30.00,30.00,30.00,羊肉类,斤,2021-05-28
羊里脊,40.00,40.00,40.00,羊肉类,斤,2021-05-28
淘汰鸡（干净膛）,11.00,11.00,11.00,禽肉类,斤,2021-05-28
淘汰鸡（净膛）,10.00,10.00,10.00,禽肉类,斤,2021-05-28
仔鸡（净膛）,7.50,7.50,7.50,禽肉类,斤,2021-05-28
肉鸡,6.50,6.50,6.50,禽肉类,斤,2021-05-28
鸡胸,7.50,7.50,7.50,禽肉类,斤,2021-05-28
鸡翅,10.00,10.50,11.00,禽肉类,斤,2021-05-28
鸡翅中,21.00,21.00,21.00,禽肉类,斤,2021-05-28
鸡边腿,7.00,7.00,7.00,禽肉类,斤,2021-05-28
鸡排腿,7.50,7.50,7.50,禽肉类,斤,2021-05-28
墨童西瓜,2.40,2.60,2.80,西瓜类,斤,2021-05-28
绿宝（p2）,1.80,1.90,2.00,西瓜类,斤,2021-05-28
国产香蕉,2.20,2.60,3.00,香蕉类,斤,2021-05-28
南美、菲律宾香蕉,2.50,3.00,3.50,香蕉类,斤,2021-05-28
泰国香蕉（帝王蕉）,8.00,8.50,9.00,香蕉类,斤,2021-05-28
晓蜜25号,2.00,2.20,2.40,甜瓜类,斤,2021-05-28
黄金瓜／金蜜,2.00,2.10,2.20,甜瓜类,斤,2021-05-28
玉菇,2.00,2.25,2.50,甜瓜类,斤,2021-05-28
网纹,3.00,3.25,3.50,甜瓜类,斤,2021-05-28
长香玉,1.40,1.50,1.60,甜瓜类,斤,2021-05-28
西洲蜜,2.00,2.50,3.00,甜瓜类,斤,2021-05-28
24白糖罐,2.50,2.75,3.00,甜瓜类,斤,2021-05-28
羊角蜜,2.30,3.65,5.00,甜瓜类,斤,2021-05-28
花蕾甜瓜,3.00,4.00,5.00,甜瓜类,斤,2021-05-28
白条猪（瘦）,11.50,11.50,11.50,猪肉类,斤,2021-05-28
白条猪（肥）,9.50,9.50,9.50,猪肉类,斤,2021-05-28
前臀尖（瘦）,10.00,10.50,11.00,猪肉类,斤,2021-05-28
前臀尖（肥）,9.00,9.50,10.00,猪肉类,斤,2021-05-28
后臀尖（瘦）,10.00,10.50,11.00,猪肉类,斤,2021-05-28
后臀尖（肥）,9.00,9.50,10.00,猪肉类,斤,2021-05-28
五花肉（瘦）,13.00,13.50,14.00,猪肉类,斤,2021-05-28
五花肉（肥）,12.00,12.50,13.00,猪肉类,斤,2021-05-28
纯通脊,12.00,12.50,13.00,猪肉类,斤,2021-05-28
通脊,10.00,11.00,12.00,猪肉类,斤,2021-05-28
纯瘦肉,11.00,11.50,12.00,猪肉类,斤,2021-05-28
前肘,11.00,11.50,12.00,猪肉类,斤,2021-05-28
后肘,9.50,10.25,11.00,猪肉类,斤,2021-05-28
猪尾巴,43.00,44.00,45.00,猪肉类,斤,2021-05-28
猪蹄,18.00,18.00,18.00,猪肉类,斤,2021-05-28
纯排骨,21.00,22.50,24.00,猪肉类,斤,2021-05-28
纯腔骨,9.00,10.50,12.00,猪肉类,斤,2021-05-28
腔排骨,14.00,15.00,16.00,猪肉类,斤,2021-05-28
棒骨,10.00,10.50,11.00,猪肉类,斤,2021-05-28
猪头,13.00,13.50,14.00,猪肉类,斤,2021-05-28
猪耳,26.00,26.00,26.00,猪肉类,斤,2021-05-28
猪肚,19.00,19.50,20.00,猪肉类,斤,2021-05-28
猪板油,10.00,10.50,11.00,猪肉类,斤,2021-05-28
肥膘肉,7.00,7.50,8.00,猪肉类,斤,2021-05-28
猪腰子,20.00,20.50,21.00,猪肉类,斤,2021-05-28
猪心,10.00,10.00,10.00,猪肉类,斤,2021-05-28
杭椒,2.50,2.75,3.00,普通,斤,2021-05-28
小米椒,4.00,5.00,6.00,滇,斤,2021-05-28
彩椒,5.00,5.10,5.20,红黄,斤,2021-05-28
白萝卜,0.30,0.35,0.40,冀,斤,2021-05-28
心里美,2.20,2.40,2.60,冀新,斤,2021-05-28
卞萝卜,0.50,0.60,0.70,冀,斤,2021-05-28
青萝卜,0.90,1.00,1.10,冀鲁新,斤,2021-05-28
胡萝卜,0.80,0.90,1.00,冀鲁新,斤,2021-05-28
胡萝卜（洗）,0.80,1.00,1.20,冀闽箱,斤,2021-05-28
小水萝卜,0.90,1.00,1.10,普通,斤,2021-05-28
土豆,0.70,0.85,1.00,冀,斤,2021-05-28
新土豆（黄心）,0.70,1.02,1.35,鲁,斤,2021-05-28
黄葱头,1.00,1.13,1.25,蒙甘,斤,2021-05-28
红葱头,1.20,1.35,1.50,老新,斤,2021-05-28
山药,1.80,2.25,2.70,脆麻新,斤,2021-05-28
铁棍山药,5.00,5.75,6.50,普通,斤,2021-05-28
莲藕,2.00,3.10,4.20,津,斤,2021-05-28
红薯,1.00,1.45,1.90,冀新,斤,2021-05-28
红薯,2.00,2.10,2.20,西瓜红粤新,斤,2021-05-28
茭白,2.50,3.00,3.50,京浙,斤,2021-05-28
小白菜,1.50,1.75,2.00,水菜,斤,2021-05-28
油麦菜,1.50,2.00,2.50,水菜,斤,2021-05-28
奶白菜,2.00,2.25,2.50,水菜,斤,2021-05-28
散生菜,1.50,1.75,2.00,水菜,斤,2021-05-28
香葱,3.50,3.75,4.00,水菜,斤,2021-05-28
茼蒿,7.00,7.25,7.50,水菜,斤,2021-05-28
蒿子秆,2.00,2.25,2.50,水菜,斤,2021-05-28
水萝卜,2.00,2.25,2.50,水菜,斤,2021-05-28
樱桃萝卜,2.00,2.25,2.50,水菜,斤,2021-05-28
香芹,1.50,1.75,2.00,水菜,斤,2021-05-28
菠菜,3.00,3.25,3.50,水菜,斤,2021-05-28
苋菜,2.00,2.50,3.00,水菜,斤,2021-05-28
菊花菜,1.00,1.25,1.50,水菜,斤,2021-05-28
青蒜,2.50,2.75,3.00,水菜,斤,2021-05-28
盖菜,1.50,1.75,2.00,水菜,斤,2021-05-28
芥兰,1.50,1.75,2.00,水菜,斤,2021-05-28
菜心,1.80,1.90,2.00,水菜,斤,2021-05-28
空心菜,2.50,2.75,3.00,水菜,斤,2021-05-28
鸡毛菜,2.50,2.75,3.00,水菜,斤,2021-05-28
荆芥,2.00,2.50,3.00,水菜,斤,2021-05-28
整牛,34.25,34.25,34.25,牛肉类,斤,2021-05-29
牛前腱,37.00,37.00,37.00,牛肉类,斤,2021-05-29
牛后腱,37.00,37.00,37.00,牛肉类,斤,2021-05-29
牛前腿,35.00,35.00,35.00,牛肉类,斤,2021-05-29
牛后腿,35.00,35.00,35.00,牛肉类,斤,2021-05-29
牛柳（里脊）,37.00,37.50,38.00,牛肉类,斤,2021-05-29
精牛柳,41.00,42.00,43.00,牛肉类,斤,2021-05-29
牛腩,35.00,35.00,35.00,牛肉类,斤,2021-05-29
牛林,35.00,35.00,35.00,牛肉类,斤,2021-05-29
牛骨,4.50,4.75,5.00,牛肉类,斤,2021-05-29
牛板筋,35.00,35.00,35.00,牛肉类,斤,2021-05-29
牛尾,33.00,34.00,35.00,牛肉类,斤,2021-05-29
牛上脑,35.00,35.00,35.00,牛肉类,斤,2021-05-29
整羊,28.00,28.50,29.00,羊肉类,斤,2021-05-29
去骨羊前腿,40.00,40.50,41.00,羊肉类,斤,2021-05-29
去骨羊后腿,41.00,41.50,42.00,羊肉类,斤,2021-05-29
羊腰窝,40.00,40.00,40.00,羊肉类,斤,2021-05-29
羊肉片,40.00,41.50,43.00,羊肉类,斤,2021-05-29
羊腰子（挂油）,15.00,15.50,16.00,羊肉类,个,2021-05-29
羊蝎子,16.00,16.50,17.00,羊肉类,斤,2021-05-29
红提葡萄,8.00,10.00,12.00,葡萄类,斤,2021-05-28
玫瑰香葡萄,10.00,11.50,13.00,葡萄类,斤,2021-05-28
克伦生,6.00,8.00,10.00,葡萄类,斤,2021-05-28
黑提葡萄、夏黑,8.00,9.00,10.00,葡萄类,斤,2021-05-28
蓝莓葡萄,8.00,9.00,10.00,葡萄类,斤,2021-05-28
乒乓球葡萄,10.00,11.00,12.00,葡萄类,斤,2021-05-28
维多利亚葡萄,4.00,5.00,6.00,葡萄类,斤,2021-05-28
郁金香,10.00,11.00,12.00,葡萄类,斤,2021-05-28
台农小芒果,2.50,3.25,4.00,芒果类,斤,2021-05-28
台农大芒果,3.00,4.00,5.00,芒果类,斤,2021-05-28
红金龙,4.00,5.00,6.00,芒果类,斤,2021-05-28
高乐密,2.50,3.75,5.00,芒果类,斤,2021-05-28
青皮芒果,2.50,3.25,4.00,芒果类,斤,2021-05-28
水仙芒果,3.50,4.50,5.50,芒果类,斤,2021-05-28
玉纹,4.00,5.50,7.00,芒果类,斤,2021-05-28
肯特新世纪澳芒,4.50,6.25,8.00,芒果类,斤,2021-05-28
妃子笑,5.00,6.50,8.00,荔枝类,斤,2021-05-28
荔枝王,13.00,15.50,18.00,荔枝类,斤,2021-05-28
桂味,4.00,4.50,5.00,荔枝类,斤,2021-05-28
红灯,9.00,11.00,13.00,樱桃类,斤,2021-05-28
鸡架子,2.00,2.25,2.50,禽肉类,斤,2021-05-29
鸡翅根,9.00,9.00,9.00,禽肉类,斤,2021-05-29
白条乌鸡（净膛）,13.00,13.00,13.00,禽肉类,斤,2021-05-29
箱鸡蛋,190.00,192.50,195.00,蛋类,斤,2021-05-29
箱鸡蛋,4.32,4.38,4.43,蛋类,斤,2021-05-29
散鸡蛋,4.60,4.60,4.60,蛋类,斤,2021-05-29
生鸭蛋,5.50,6.00,6.50,蛋类,斤,2021-05-29
熟鸭蛋,6.00,6.75,7.50,蛋类,斤,2021-05-29
松花蛋,6.20,7.10,8.00,蛋类,斤,2021-05-29
鹅蛋,12.00,12.50,13.00,蛋类,斤,2021-05-29
鹌鹑蛋,6.00,6.50,7.00,蛋类,斤,2021-05-29
柴鸡蛋,4.70,7.35,10.00,蛋类,斤,2021-05-29
乌鸡蛋,7.50,8.00,8.50,蛋类,斤,2021-05-29
鸵鸟蛋,100.00,110.00,120.00,蛋类,个,2021-05-29
鸽子蛋,2.50,2.55,2.60,蛋类,个,2021-05-29
北豆腐（屉）,1.80,1.80,1.80,豆制品,斤,2021-05-29
南豆腐（屉）,2.00,2.00,2.00,豆制品,斤,2021-05-29
白玉北豆腐,4.00,4.00,4.00,豆制品,盒,2021-05-29
大白菜,0.30,0.33,0.35,储存新,斤,2021-05-28
娃娃菜,0.50,0.55,0.60,大小,斤,2021-05-28
白不老,2.30,2.65,3.00,滇|鲁,斤,2021-05-30
锅里变架豆,1.70,1.85,2.00,普通,斤,2021-05-30
油豆,2.50,3.25,4.00,鲁,斤,2021-05-30
毛豆,3.00,3.25,3.50,普通,斤,2021-05-30
豌豆,1.00,1.15,1.30,普通,斤,2021-05-30
蚕豆,1.20,1.30,1.40,普通,斤,2021-05-30
荷兰豆,5.00,5.50,6.00,冀云,斤,2021-05-30
玉米,1.40,1.50,1.60,普通,斤,2021-05-30
花生,4.50,4.85,5.20,广东海南,斤,2021-05-30
苦瓜,2.00,2.15,2.30,鲁,斤,2021-05-30
丝瓜,1.60,1.90,2.20,豫鲁,斤,2021-05-30
丝瓜,3.00,3.50,4.00,短,斤,2021-05-30
瓠子,1.80,2.05,2.30,普通,斤,2021-05-30
西葫芦,0.80,1.00,1.20,滇鲁,斤,2021-05-30
佛手瓜,2.20,2.35,2.50,普通,斤,2021-05-30
金丝南瓜,0.80,0.90,1.00,琼,斤,2021-05-30
南北瓜,0.90,0.95,1.00,桂,斤,2021-05-30
尖椒,1.50,1.75,2.00,冀晋鲁新,斤,2021-05-30
螺丝椒,2.00,2.50,3.00,普通,斤,2021-05-30
柿子椒,1.50,1.75,2.00,鲁新,斤,2021-05-30
紫苏叶,4.00,4.50,5.00,水菜,斤,2021-05-28
豌豆苗,3.50,3.75,4.00,水菜,斤,2021-05-28
快菜,1.00,1.10,1.20,水菜,斤,2021-05-28
苦菊,1.50,1.75,2.00,水菜,斤,2021-05-28
穿心莲,1.50,1.75,2.00,水菜,斤,2021-05-28
木耳菜,2.00,2.25,2.50,水菜,斤,2021-05-28
久红瑞,2.00,2.15,2.30,甜瓜类,斤,2021-05-28
绿宝甜瓜,2.00,3.50,5.00,甜瓜类,斤,2021-05-28
博阳（系列）,2.20,3.10,4.00,甜瓜类,斤,2021-05-28
景甜,1.50,2.50,3.50,甜瓜类,斤,2021-05-28
208甜瓜,2.00,2.15,2.30,甜瓜类,斤,2021-05-28
富士（纸袋Φ70-84）,1.80,2.30,2.80,苹果类,斤,2021-05-28
富士（纸+膜袋）,1.50,1.75,2.00,苹果类,斤,2021-05-28
富士（纸袋Φ85以上）,2.50,3.00,3.50,苹果类,斤,2021-05-28
黄元帅,1.50,1.75,2.00,苹果类,斤,2021-05-28
花牛(Φ70-85),1.40,2.00,2.60,苹果类,斤,2021-05-28
新疆阿克苏（冰糖心）,3.00,3.50,4.00,苹果类,斤,2021-05-28
国光苹果,1.00,1.50,2.00,苹果类,斤,2021-05-28
辽宁寒富苹果,1.50,1.75,2.00,苹果类,斤,2021-05-28
巨峰葡萄,5.00,8.50,12.00,葡萄类,斤,2021-05-28
小白菜,0.60,0.65,0.70,普通,斤,2021-05-28
芹菜,0.80,1.00,1.20,冀,斤,2021-05-28
西芹,1.80,2.00,2.20,普通,斤,2021-05-28
菠菜,1.30,1.50,1.70,鲁冀,斤,2021-05-28
莴笋,1.20,1.40,1.60,闽浙鲁,斤,2021-05-28
团生菜,0.80,1.00,1.20,毛|净,斤,2021-05-28
圆白菜,0.30,0.40,0.50,冀,斤,2021-05-28
紫甘蓝,0.70,0.80,0.90,闽云,斤,2021-05-28
散叶生菜,1.00,1.40,1.80,京,斤,2021-05-28
油菜,0.80,1.00,1.20,鲁京,斤,2021-05-28
香菜,1.00,1.25,1.50,鲁冀,斤,2021-05-28
茴香,1.00,1.25,1.50,冀,斤,2021-05-28
韭菜,0.80,0.90,1.00,普通,斤,2021-05-28
韭菜苔,3.50,3.75,4.00,普通,斤,2021-05-28
苦菊,1.00,1.15,1.30,辽,斤,2021-05-28
油麦菜,1.40,1.50,1.60,京,斤,2021-05-28
散菜花,1.10,1.30,1.50,豫苏,斤,2021-05-28
绿菜花,1.50,1.75,2.00,冀 苏陕,斤,2021-05-28
菜花,1.40,1.50,1.60,云,斤,2021-05-28
绿豆芽,0.95,0.98,1.00,普通,斤,2021-05-28
黄豆芽,0.85,0.88,0.90,普通,斤,2021-05-28
紫菜苔,3.00,3.25,3.50,普通,斤,2021-05-28
番茄,1.00,1.25,1.50,川鲁蒙,斤,2021-05-28
番茄（精品）,1.50,1.65,1.80,鲁新,斤,2021-05-28
樱西,4.00,4.50,5.00,小红,斤,2021-05-28
黄瓜,1.00,1.25,1.50,蒙辽袋鲁,斤,2021-05-28
黄瓜(鲜干花),1.50,1.65,1.80,冀,斤,2021-05-28
小黄瓜,2.00,2.75,3.50,旱荷兰,斤,2021-05-28
茄子,0.80,1.00,1.20,冀,斤,2021-05-28
长茄,0.80,1.10,1.40,辽,斤,2021-05-28
广茄,1.20,1.40,1.60,滇、冀,斤,2021-05-28
线茄,2.00,2.15,2.30,冀,斤,2021-05-28
吊冬瓜,0.70,0.75,0.80,琼,斤,2021-05-28
地冬瓜,0.55,0.57,0.60,桂,斤,2021-05-28
小毛冬瓜,0.80,0.90,1.00,冀圆鲁新,斤,2021-05-28
架豆,2.50,3.00,3.50,普通,斤,2021-05-28
豆王,2.50,3.75,5.00,普通,斤,2021-05-28
扁豆,2.30,2.65,3.00,冀鲁聊城,斤,2021-05-28
豇豆,2.50,2.75,3.00,鲁京,斤,2021-05-28
白不老,2.30,2.65,3.00,滇|鲁,斤,2021-05-28
锅里变架豆,1.70,1.85,2.00,普通,斤,2021-05-28
油豆,2.50,3.25,4.00,鲁,斤,2021-05-28
毛豆,3.00,3.25,3.50,普通,斤,2021-05-28
豌豆,1.00,1.15,1.30,普通,斤,2021-05-28
蚕豆,1.20,1.25,1.30,普通,斤,2021-05-28
荷兰豆,5.00,5.50,6.00,冀云,斤,2021-05-28
玉米,1.40,1.50,1.60,普通,斤,2021-05-28
花生,4.50,4.85,5.20,广东海南,斤,2021-05-28
苦瓜,2.00,2.15,2.30,鲁,斤,2021-05-28
丝瓜,1.60,1.90,2.20,豫鲁,斤,2021-05-28
丝瓜,3.00,3.50,4.00,短,斤,2021-05-28
瓠子,1.80,2.05,2.30,普通,斤,2021-05-28
西葫芦,0.80,1.00,1.20,滇鲁,斤,2021-05-28
佛手瓜,2.20,2.35,2.50,普通,斤,2021-05-28
金丝南瓜,0.80,0.90,1.00,琼,斤,2021-05-28
南北瓜,0.90,0.95,1.00,桂,斤,2021-05-28
尖椒,1.50,2.00,2.50,冀晋鲁新,斤,2021-05-28
螺丝椒,2.00,2.50,3.00,普通,斤,2021-05-28
柿子椒,1.60,1.95,2.30,鲁新,斤,2021-05-28
线椒,2.80,2.90,3.00,鲁琼新,斤,2021-05-28
豆王,2.50,3.05,3.60,普通,斤,2021-05-27
扁豆,2.30,2.65,3.00,冀鲁聊城,斤,2021-05-27
豇豆,2.50,2.75,3.00,鲁京冀,斤,2021-05-27
白不老,2.50,2.75,3.00,滇|鲁,斤,2021-05-27
锅里变架豆,1.70,1.85,2.00,普通,斤,2021-05-27
油豆,2.50,3.25,4.00,鲁,斤,2021-05-27
毛豆,3.00,3.25,3.50,普通,斤,2021-05-27
豌豆,1.00,1.15,1.30,普通,斤,2021-05-27
蚕豆,1.20,1.25,1.30,普通,斤,2021-05-27
荷兰豆,5.00,5.50,6.00,冀云,斤,2021-05-27
玉米,1.20,1.50,1.80,白,斤,2021-05-27
花生,4.00,4.75,5.50,广东海南,斤,2021-05-27
苦瓜,1.60,1.80,2.00,鲁,斤,2021-05-27
丝瓜,1.40,1.60,1.80,豫鲁,斤,2021-05-27
丝瓜,2.00,2.50,3.00,短,斤,2021-05-27
瓠子,1.80,2.05,2.30,普通,斤,2021-05-27
西葫芦,0.80,0.90,1.00,滇鲁,斤,2021-05-27
佛手瓜,2.00,2.25,2.50,普通,斤,2021-05-27
金丝南瓜,0.80,0.90,1.00,琼,斤,2021-05-27
南北瓜,0.90,0.95,1.00,桂,斤,2021-05-27
白玉北豆腐,4.00,4.00,4.00,豆制品,盒,2021-05-28
香香北豆腐,3.00,3.00,3.00,豆制品,盒,2021-05-28
白玉南豆腐,5.50,5.50,5.50,豆制品,盒,2021-05-28
豆腐丝,5.00,5.00,5.00,豆制品,斤,2021-05-28
精品豆腐丝,6.00,6.00,6.00,豆制品,袋,2021-05-28
豆腐皮,5.50,5.50,5.50,豆制品,斤,2021-05-28
豆腐干,4.50,4.50,4.50,豆制品,斤,2021-05-28
精品豆腐干,5.00,5.00,5.00,豆制品,袋,2021-05-28
豆腐泡,5.50,5.50,5.50,豆制品,斤,2021-05-28
精品豆腐泡,5.00,5.00,5.00,豆制品,袋,2021-05-28
白玉内酯豆腐,2.50,2.50,2.50,豆制品,盒,2021-05-28
香香内脂豆腐,1.50,1.50,1.50,豆制品,盒,2021-05-28
鲤鱼,12.00,12.00,12.00,750g-1000g,斤,2021-05-28
鲤鱼,12.00,12.00,12.00,>1000g,斤,2021-05-28
草鱼,14.00,14.00,14.00,750g-1000g,斤,2021-05-28
草鱼,14.00,14.00,14.00,>1000g,斤,2021-05-28
鲫鱼,15.00,15.00,15.00,200g-250g,斤,2021-05-28
鲫鱼,16.00,16.00,16.00,350g-400g,斤,2021-05-28
胖头鱼,15.00,15.00,15.00,>2000g,斤,2021-05-28
武昌鱼,12.00,12.50,13.00,700g左右,斤,2021-05-28
郁金香,10.00,11.00,12.00,葡萄类,斤,2021-05-27
台农小芒果,2.50,3.25,4.00,芒果类,斤,2021-05-27
台农大芒果,3.00,4.00,5.00,芒果类,斤,2021-05-27
红金龙,4.00,5.00,6.00,芒果类,斤,2021-05-27
高乐密,2.50,3.75,5.00,芒果类,斤,2021-05-27
青皮芒果,2.50,3.25,4.00,芒果类,斤,2021-05-27
水仙芒果,3.50,4.50,5.50,芒果类,斤,2021-05-27
玉纹,4.00,5.50,7.00,芒果类,斤,2021-05-27
肯特新世纪澳芒,4.50,6.25,8.00,芒果类,斤,2021-05-27
妃子笑,6.00,7.50,9.00,荔枝类,斤,2021-05-27
荔枝王,19.00,20.50,22.00,荔枝类,斤,2021-05-27
红灯,11.00,13.00,15.00,樱桃类,斤,2021-05-27
水晶,12.00,15.00,18.00,樱桃类,斤,2021-05-27
佳红,70.00,105.00,140.00,樱桃类,斤,2021-05-27
美国红,10.00,10.50,11.00,樱桃类,斤,2021-05-27
美早,20.00,32.50,45.00,樱桃类,斤,2021-05-27
布鲁克斯,12.00,15.00,18.00,樱桃类,斤,2021-05-27
先锋樱桃,12.00,13.50,15.00,樱桃类,斤,2021-05-27
沙蜜托,13.00,14.50,16.00,樱桃类,斤,2021-05-27
白条猪（瘦）,11.50,11.50,11.50,猪肉类,斤,2021-05-27
尖椒,1.40,1.70,2.00,冀晋鲁新,斤,2021-05-27
螺丝椒,2.00,2.30,2.60,普通,斤,2021-05-27
柿子椒,1.40,1.60,1.80,鲁新,斤,2021-05-27
线椒,2.50,2.75,3.00,鲁琼新,斤,2021-05-27
杭椒,2.50,2.75,3.00,普通,斤,2021-05-27
小米椒,4.00,4.50,5.00,滇,斤,2021-05-27
彩椒,4.50,5.00,5.50,红黄,斤,2021-05-27
白萝卜,0.30,0.35,0.40,冀,斤,2021-05-27
心里美,1.50,2.00,2.50,冀新,斤,2021-05-27
卞萝卜,0.40,0.55,0.70,冀,斤,2021-05-27
青萝卜,0.90,1.00,1.10,冀鲁新,斤,2021-05-27
胡萝卜,0.80,0.85,0.90,冀鲁新,斤,2021-05-27
胡萝卜（洗）,0.80,1.00,1.20,冀闽箱,斤,2021-05-27
小水萝卜,0.80,0.90,1.00,普通,斤,2021-05-27
土豆,0.60,0.75,0.90,冀,斤,2021-05-27
新土豆（黄心）,0.70,0.95,1.20,鲁,斤,2021-05-27
黄葱头,1.00,1.10,1.20,蒙甘,斤,2021-05-27
红葱头,1.20,1.35,1.50,老新,斤,2021-05-27
山药,1.80,2.25,2.70,脆麻新,斤,2021-05-27
铁棍山药,5.00,5.50,6.00,,斤,2021-05-27
后臀尖（肥）,9.00,9.50,10.00,猪肉类,斤,2021-05-30
五花肉（瘦）,13.00,13.50,14.00,猪肉类,斤,2021-05-30
五花肉（肥）,12.00,12.50,13.00,猪肉类,斤,2021-05-30
纯通脊,12.00,12.50,13.00,猪肉类,斤,2021-05-30
通脊,10.00,11.00,12.00,猪肉类,斤,2021-05-30
纯瘦肉,11.00,11.50,12.00,猪肉类,斤,2021-05-30
前肘,11.00,11.50,12.00,猪肉类,斤,2021-05-30
后肘,9.50,10.25,11.00,猪肉类,斤,2021-05-30
猪尾巴,43.00,44.00,45.00,猪肉类,斤,2021-05-30
猪蹄,18.00,18.00,18.00,猪肉类,斤,2021-05-30
纯排骨,21.00,22.50,24.00,猪肉类,斤,2021-05-30
纯腔骨,9.00,10.50,12.00,猪肉类,斤,2021-05-30
腔排骨,14.00,15.00,16.00,猪肉类,斤,2021-05-30
棒骨,10.00,10.50,11.00,猪肉类,斤,2021-05-30
猪头,13.00,13.50,14.00,猪肉类,斤,2021-05-30
猪耳,26.00,26.00,26.00,猪肉类,斤,2021-05-30
猪肚,19.00,19.50,20.00,猪肉类,斤,2021-05-30
猪板油,10.00,10.50,11.00,猪肉类,斤,2021-05-30
肥膘肉,7.00,7.50,8.00,猪肉类,斤,2021-05-30
猪腰子,20.00,20.50,21.00,猪肉类,斤,2021-05-30
口蘑,7.00,7.50,8.00,普通,斤,2021-05-27
杏鲍菇,2.00,2.50,3.00,普通,斤,2021-05-27
金针菇,1.50,2.00,2.50,普通,斤,2021-05-27
大白菜,0.30,0.33,0.35,储存新,斤,2021-05-27
娃娃菜,0.50,0.60,0.70,大小,斤,2021-05-27
小白菜,0.60,0.65,0.70,普通,斤,2021-05-27
芹菜,0.80,1.00,1.20,冀,斤,2021-05-27
西芹,2.00,2.10,2.20,普通,斤,2021-05-27
菠菜,1.30,1.65,2.00,鲁冀,斤,2021-05-27
莴笋,1.00,1.25,1.50,闽浙鲁,斤,2021-05-27
团生菜,0.80,1.00,1.20,毛|净,斤,2021-05-27
圆白菜,0.30,0.40,0.50,冀,斤,2021-05-27
紫甘蓝,0.70,0.80,0.90,闽云,斤,2021-05-27
散叶生菜,1.00,1.40,1.80,京,斤,2021-05-27
油菜,1.00,1.20,1.40,鲁京,斤,2021-05-27
香菜,1.00,1.25,1.50,鲁冀,斤,2021-05-27
茴香,1.20,1.35,1.50,冀,斤,2021-05-27
韭菜,0.80,0.90,1.00,普通,斤,2021-05-27
韭菜苔,3.00,3.50,4.00,普通,斤,2021-05-27
苦菊,1.00,1.15,1.30,辽,斤,2021-05-27
鲢鱼,5.00,5.50,6.00,1000-1500g,斤,2021-05-28
桂鱼,56.00,58.00,60.00,中桂,斤,2021-05-28
嘎鱼,24.00,24.50,25.00,<100g,斤,2021-05-28
淡水鲈鱼,25.00,25.00,25.00,活,斤,2021-05-28
白虾,42.00,43.50,45.00,活,斤,2021-05-28
紫菜苔,3.00,3.25,3.50,普通,斤,2021-05-27
番茄,1.00,1.25,1.50,川鲁蒙,斤,2021-05-27
番茄（精品）,1.50,1.65,1.80,鲁新,斤,2021-05-27
樱西,4.00,4.50,5.00,小红,斤,2021-05-27
黄瓜,1.20,1.40,1.60,蒙辽袋鲁,斤,2021-05-27
黄瓜(鲜干花),1.60,1.80,2.00,冀,斤,2021-05-27
小黄瓜,2.00,2.75,3.50,旱荷兰,斤,2021-05-27
茄子,0.80,1.00,1.20,冀,斤,2021-05-27
长茄,0.80,1.00,1.20,辽,斤,2021-05-27
广茄,1.20,1.40,1.60,滇、冀,斤,2021-05-27
线茄,2.00,2.25,2.50,冀,斤,2021-05-27
吊冬瓜,0.70,0.75,0.80,琼,斤,2021-05-27
地冬瓜,0.50,0.55,0.60,桂,斤,2021-05-27
小毛冬瓜,0.80,0.90,1.00,冀圆鲁新,斤,2021-05-27
架豆,2.50,3.00,3.50,普通,斤,2021-05-27
红颜九九草莓,7.00,8.00,9.00,其他类,斤,2021-05-27
杨梅,10.00,11.00,12.00,其他类,斤,2021-05-27
甜宝(奶油)草莓,4.00,5.50,7.00,其他类,斤,2021-05-27
火龙果,4.00,5.50,7.00,其他类,斤,2021-05-27
木瓜,3.00,3.25,3.50,其他类,斤,2021-05-27
柿饼,6.00,7.00,8.00,其他类,斤,2021-05-27
柠檬,3.50,3.75,4.00,其他类,斤,2021-05-27
黑枣,5.00,5.50,6.00,其他类,斤,2021-05-27
山楂,4.00,5.00,6.00,其他类,斤,2021-05-27
姑娘果（灯笼果）,10.00,15.00,20.00,其他类,斤,2021-05-27
鸭梨,1.20,1.35,1.50,梨类,斤,2021-05-27
雪花梨,1.40,1.50,1.60,梨类,斤,2021-05-27
皇冠梨（标箱）,2.50,2.75,3.00,梨类,斤,2021-05-27
丰水梨,2.50,2.75,3.00,梨类,斤,2021-05-27
酥梨,1.50,1.65,1.80,梨类,斤,2021-05-27
库尔勒香梨,3.00,3.50,4.00,梨类,斤,2021-05-27
红香酥梨系列,1.50,1.75,2.00,梨类,斤,2021-05-27
红啤梨,3.00,3.25,3.50,梨类,斤,2021-05-27
蜜梨,2.00,2.25,2.50,梨类,斤,2021-05-27
耙耙柑、丑橘,2.00,2.50,3.00,柑橘类,斤,2021-05-27
白条猪（肥）,9.25,9.25,9.25,猪肉类,斤,2021-05-27
前臀尖（瘦）,10.00,10.50,11.00,猪肉类,斤,2021-05-27
前臀尖（肥）,9.00,9.50,10.00,猪肉类,斤,2021-05-27
后臀尖（瘦）,10.00,10.50,11.00,猪肉类,斤,2021-05-27
后臀尖（肥）,9.00,9.50,10.00,猪肉类,斤,2021-05-27
五花肉（瘦）,13.00,13.50,14.00,猪肉类,斤,2021-05-27
五花肉（肥）,12.00,12.50,13.00,猪肉类,斤,2021-05-27
纯通脊,12.00,12.50,13.00,猪肉类,斤,2021-05-27
通脊,10.00,11.00,12.00,猪肉类,斤,2021-05-27
纯瘦肉,11.00,11.50,12.00,猪肉类,斤,2021-05-27
前肘,11.00,11.50,12.00,猪肉类,斤,2021-05-27
后肘,9.50,10.25,11.00,猪肉类,斤,2021-05-27
猪尾巴,43.00,44.00,45.00,猪肉类,斤,2021-05-27
猪蹄,18.00,18.00,18.00,猪肉类,斤,2021-05-27
纯排骨,21.00,22.50,24.00,猪肉类,斤,2021-05-27
纯腔骨,9.00,10.50,12.00,猪肉类,斤,2021-05-27
腔排骨,14.00,15.00,16.00,猪肉类,斤,2021-05-27
棒骨,10.00,10.50,11.00,猪肉类,斤,2021-05-27
猪头,13.00,13.50,14.00,猪肉类,斤,2021-05-27
猪耳,26.00,26.00,26.00,猪肉类,斤,2021-05-27
牛上脑,35.00,35.00,35.00,牛肉类,斤,2021-05-27
整羊,28.00,28.50,29.00,羊肉类,斤,2021-05-27
去骨羊前腿,40.00,40.50,41.00,羊肉类,斤,2021-05-27
去骨羊后腿,41.00,41.50,42.00,羊肉类,斤,2021-05-27
羊腰窝,40.00,40.00,40.00,羊肉类,斤,2021-05-27
羊肉片,40.00,41.50,43.00,羊肉类,斤,2021-05-27
羊腰子（挂油）,15.00,15.50,16.00,羊肉类,个,2021-05-27
羊蝎子,16.00,16.50,17.00,羊肉类,斤,2021-05-27
羊蝎子（精品）,30.00,30.50,31.00,羊肉类,斤,2021-05-27
羊排骨,30.00,30.00,30.00,羊肉类,斤,2021-05-27
羊尾巴油,9.00,9.00,9.00,羊肉类,斤,2021-05-27
羊小腿（羊棒）,24.00,24.50,25.00,羊肉类,斤,2021-05-27
羊上脑,40.00,40.00,40.00,羊肉类,斤,2021-05-27
羊骨头,10.00,10.00,10.00,羊肉类,斤,2021-05-27
羊腩,30.00,30.00,30.00,羊肉类,斤,2021-05-27
羊里脊,40.00,40.00,40.00,羊肉类,斤,2021-05-27
淘汰鸡（干净膛）,11.00,11.00,11.00,禽肉类,斤,2021-05-27
淘汰鸡（净膛）,10.00,10.00,10.00,禽肉类,斤,2021-05-27
仔鸡（净膛）,7.50,7.50,7.50,禽肉类,斤,2021-05-27
肉鸡,6.50,6.50,6.50,禽肉类,斤,2021-05-27
青蒜,2.00,2.25,2.50,水菜,斤,2021-05-27
盖菜,2.00,2.25,2.50,水菜,斤,2021-05-27
芥兰,1.50,1.75,2.00,水菜,斤,2021-05-27
菜心,1.50,1.75,2.00,水菜,斤,2021-05-27
空心菜,2.00,2.25,2.50,水菜,斤,2021-05-27
鸡毛菜,3.00,3.25,3.50,水菜,斤,2021-05-27
荆芥,2.00,2.50,3.00,水菜,斤,2021-05-27
紫苏叶,3.50,3.75,4.00,水菜,斤,2021-05-27
豌豆苗,4.00,4.50,5.00,水菜,斤,2021-05-27
快菜,1.00,1.10,1.20,水菜,斤,2021-05-27
苦菊,2.00,2.25,2.50,水菜,斤,2021-05-27
穿心莲,1.50,1.75,2.00,水菜,斤,2021-05-27
木耳菜,2.00,2.25,2.50,水菜,斤,2021-05-27
椰青个,6.00,6.25,6.50,其他类,斤,2021-05-27
箱装菠萝（上六下六）,1.20,1.40,1.60,其他类,斤,2021-05-27
国产凤梨,2.00,2.40,2.80,其他类,斤,2021-05-27
香水菠萝,3.00,3.25,3.50,其他类,斤,2021-05-27
百香果,12.00,12.50,13.00,其他类,斤,2021-05-27
桑葚,3.50,4.00,4.50,其他类,斤,2021-05-27
白草莓（日本淡雪）,12.00,14.00,16.00,其他类,斤,2021-05-27
黑美人,1.60,1.80,2.00,西瓜类,斤,2021-05-27
特小风,2.00,2.25,2.50,西瓜类,斤,2021-05-27
L600吊秧瓜,2.40,2.85,3.30,西瓜类,斤,2021-05-27
甜王,1.40,1.50,1.60,西瓜类,斤,2021-05-27
蜜童,3.00,3.25,3.50,西瓜类,斤,2021-05-27
墨童西瓜,2.50,2.75,3.00,西瓜类,斤,2021-05-27
绿宝（p2）,1.80,1.90,2.00,西瓜类,斤,2021-05-27
国产香蕉,2.20,2.60,3.00,香蕉类,斤,2021-05-27
南美、菲律宾香蕉,2.50,3.00,3.50,香蕉类,斤,2021-05-27
泰国香蕉（帝王蕉）,8.00,8.50,9.00,香蕉类,斤,2021-05-27
晓蜜25号,2.00,2.20,2.40,甜瓜类,斤,2021-05-27
黄金瓜／金蜜,2.00,2.25,2.50,甜瓜类,斤,2021-05-27
玉菇,2.00,2.25,2.50,甜瓜类,斤,2021-05-27
网纹,3.00,3.25,3.50,甜瓜类,斤,2021-05-27
长香玉,1.40,1.50,1.60,甜瓜类,斤,2021-05-27
西洲蜜,2.50,2.75,3.00,甜瓜类,斤,2021-05-27
24白糖罐,2.50,2.75,3.00,甜瓜类,斤,2021-05-27
羊角蜜,2.30,3.65,5.00,甜瓜类,斤,2021-05-27
花蕾甜瓜,3.00,4.00,5.00,甜瓜类,斤,2021-05-27
久红瑞,2.00,2.15,2.30,甜瓜类,斤,2021-05-27
鄂、湘、川脐橙,1.50,2.10,2.70,柑橘类,斤,2021-05-27
沃柑,3.50,4.00,4.50,柑橘类,斤,2021-05-27
金桔,5.00,6.00,7.00,柑橘类,斤,2021-05-27
伦晚,1.80,2.40,3.00,柑橘类,斤,2021-05-27
油桃,2.00,5.00,8.00,桃李杏类,斤,2021-05-27
蟠桃,10.00,12.50,15.00,桃李杏类,斤,2021-05-27
水蜜桃,10.00,12.00,14.00,桃李杏类,斤,2021-05-27
春雪,4.00,6.00,8.00,桃李杏类,斤,2021-05-27
黄油桃,4.00,6.00,8.00,桃李杏类,斤,2021-05-27
黄毛桃,10.00,11.00,12.00,桃李杏类,斤,2021-05-27
突围,3.00,3.75,4.50,桃李杏类,斤,2021-05-27
猕猴桃（徐香翠香）,2.50,3.00,3.50,桃李杏类,斤,2021-05-27
猕猴桃（海沃德）,2.00,2.25,2.50,桃李杏类,斤,2021-05-27
胭脂杏,3.00,3.50,4.00,桃李杏类,斤,2021-05-27
李子,8.00,10.00,12.00,桃李杏类,斤,2021-05-27
金太阳,2.40,3.20,4.00,桃李杏类,斤,2021-05-27
丰源红,2.90,3.45,4.00,桃李杏类,斤,2021-05-27
凯特杏、白杏,9.00,10.00,11.00,桃李杏类,斤,2021-05-27
无籽小号-大号,1.80,1.90,2.00,西瓜类,斤,2021-05-27
麒麟、甜蜜蜜,2.20,2.40,2.60,西瓜类,斤,2021-05-27
鲤鱼,12.00,12.00,12.00,>1000g,斤,2021-05-27
草鱼,14.00,14.00,14.00,750g-1000g,斤,2021-05-27
草鱼,14.00,14.00,14.00,>1000g,斤,2021-05-27
鲫鱼,15.00,15.00,15.00,200g-250g,斤,2021-05-27
鲫鱼,16.00,16.00,16.00,350g-400g,斤,2021-05-27
胖头鱼,15.00,15.00,15.00,>2000g,斤,2021-05-27
武昌鱼,12.00,12.50,13.00,700g左右,斤,2021-05-27
鲢鱼,5.00,5.50,6.00,1000-1500g,斤,2021-05-27
嘎鱼,24.00,24.50,25.00,<100g,斤,2021-05-27
大白菜,0.30,0.33,0.35,储存新,斤,2021-05-26
娃娃菜,0.50,0.60,0.70,大小,斤,2021-05-26
小白菜,0.50,0.65,0.80,普通,斤,2021-05-26
芹菜,0.80,1.00,1.20,冀,斤,2021-05-26
西芹,2.00,2.15,2.30,普通,斤,2021-05-26
菠菜,1.20,1.40,1.60,鲁冀,斤,2021-05-26
莴笋,0.80,1.10,1.40,闽浙鲁,斤,2021-05-26
团生菜,0.80,1.00,1.20,毛|净,斤,2021-05-26
圆白菜,0.30,0.35,0.40,冀,斤,2021-05-26
紫甘蓝,0.80,0.90,1.00,闽云,斤,2021-05-26
散叶生菜,1.00,1.30,1.60,京,斤,2021-05-26
猪肚,19.00,19.50,20.00,猪肉类,斤,2021-05-27
猪板油,11.00,11.50,12.00,猪肉类,斤,2021-05-27
肥膘肉,7.00,7.50,8.00,猪肉类,斤,2021-05-27
猪腰子,20.00,20.50,21.00,猪肉类,斤,2021-05-27
猪心,10.00,10.00,10.00,猪肉类,斤,2021-05-27
猪肝,9.50,9.75,10.00,猪肉类,斤,2021-05-27
猪皮,3.00,4.50,6.00,猪肉类,斤,2021-05-27
猪肠,21.00,21.50,22.00,猪肉类,斤,2021-05-27
整牛,34.25,34.25,34.25,牛肉类,斤,2021-05-27
牛前腱,37.00,37.00,37.00,牛肉类,斤,2021-05-27
牛后腱,37.00,37.00,37.00,牛肉类,斤,2021-05-27
牛前腿,35.00,35.00,35.00,牛肉类,斤,2021-05-27
牛后腿,35.00,35.00,35.00,牛肉类,斤,2021-05-27
牛柳（里脊）,37.00,37.50,38.00,牛肉类,斤,2021-05-27
精牛柳,41.00,42.00,43.00,牛肉类,斤,2021-05-27
牛腩,35.00,35.00,35.00,牛肉类,斤,2021-05-27
牛林,35.00,35.00,35.00,牛肉类,斤,2021-05-27
牛骨,4.50,4.75,5.00,牛肉类,斤,2021-05-27
牛板筋,35.00,35.00,35.00,牛肉类,斤,2021-05-27
牛尾,33.00,34.00,35.00,牛肉类,斤,2021-05-27
莲藕,2.00,3.00,4.00,津,斤,2021-05-27
红薯,1.00,1.40,1.80,冀新,斤,2021-05-27
红薯,1.80,2.00,2.20,西瓜红粤新,斤,2021-05-27
茭白,2.50,3.00,3.50,京浙,斤,2021-05-27
凉薯,2.00,2.15,2.30,普通,斤,2021-05-27
荸荠,2.80,2.90,3.00,皖,斤,2021-05-27
芋头,1.70,1.85,2.00,鲁,斤,2021-05-27
苇叶,3.40,3.45,3.50,普通,斤,2021-05-27
姜,3.00,4.00,5.00,姜头整,斤,2021-05-27
大蒜,2.50,2.75,3.00,普通,斤,2021-05-27
新蒜,1.80,2.15,2.50,普通,斤,2021-05-27
蒜米,3.20,3.50,3.80,普通,斤,2021-05-27
大葱,1.50,2.25,3.00,冀,斤,2021-05-27
小葱,1.00,1.25,1.50,普通,斤,2021-05-27
蒜苗,1.50,3.00,4.50,苏鲁,斤,2021-05-27
蒜黄,4.00,4.50,5.00,冀,斤,2021-05-27
青蒜,2.00,2.25,2.50,冀,斤,2021-05-27
平菇,5.00,5.50,6.00,小叶,斤,2021-05-27
香菇,3.00,4.00,5.00,普通,斤,2021-05-27
白玉菇,3.00,3.50,4.00,普通,斤,2021-05-27
羊蝎子（精品）,30.00,30.50,31.00,羊肉类,斤,2021-05-29
羊排骨,30.00,30.00,30.00,羊肉类,斤,2021-05-29
羊尾巴油,9.00,9.00,9.00,羊肉类,斤,2021-05-29
羊小腿（羊棒）,24.00,24.50,25.00,羊肉类,斤,2021-05-29
羊上脑,40.00,40.00,40.00,羊肉类,斤,2021-05-29
羊骨头,10.00,10.00,10.00,羊肉类,斤,2021-05-29
羊腩,30.00,30.00,30.00,羊肉类,斤,2021-05-29
羊里脊,40.00,40.00,40.00,羊肉类,斤,2021-05-29
淘汰鸡（干净膛）,11.00,11.00,11.00,禽肉类,斤,2021-05-29
淘汰鸡（净膛）,10.00,10.00,10.00,禽肉类,斤,2021-05-29
仔鸡（净膛）,7.50,7.50,7.50,禽肉类,斤,2021-05-29
肉鸡,6.50,6.50,6.50,禽肉类,斤,2021-05-29
鸡胸,7.50,7.50,7.50,禽肉类,斤,2021-05-29
鸡翅,10.00,10.50,11.00,禽肉类,斤,2021-05-29
鸡翅中,21.00,21.00,21.00,禽肉类,斤,2021-05-29
鸡边腿,7.00,7.00,7.00,禽肉类,斤,2021-05-29
鸡排腿,7.50,7.50,7.50,禽肉类,斤,2021-05-29
鸡琵琶腿,7.50,7.75,8.00,禽肉类,斤,2021-05-29
鸡爪,16.00,16.00,16.00,禽肉类,斤,2021-05-29
鸡头,2.00,2.25,2.50,禽肉类,斤,2021-05-29
柿子椒,1.50,1.75,2.00,鲁新,斤,2021-05-31
线椒,2.50,2.85,3.20,鲁琼新,斤,2021-05-31
杭椒,2.50,2.75,3.00,普通,斤,2021-05-31
小米椒,4.00,4.50,5.00,滇,斤,2021-05-31
彩椒,4.00,4.50,5.00,红黄,斤,2021-05-31
白萝卜,0.30,0.35,0.40,冀,斤,2021-05-31
心里美,2.00,2.30,2.60,冀新,斤,2021-05-31
卞萝卜,0.50,0.60,0.70,冀,斤,2021-05-31
青萝卜,0.80,0.90,1.00,冀鲁新,斤,2021-05-31
胡萝卜,0.80,0.85,0.90,冀鲁新,斤,2021-05-31
胡萝卜（洗）,0.80,0.90,1.00,冀闽箱,斤,2021-05-31
小水萝卜,0.90,1.00,1.10,普通,斤,2021-05-31
土豆,0.70,0.80,0.90,冀,斤,2021-05-31
新土豆（黄心）,0.70,1.00,1.30,鲁,斤,2021-05-31
黄葱头,0.90,1.05,1.20,蒙甘,斤,2021-05-31
红葱头,1.10,1.20,1.30,老新,斤,2021-05-31
山药,1.80,2.25,2.70,脆麻新,斤,2021-05-31
铁棍山药,5.00,5.50,6.00,普通,斤,2021-05-31
莲藕,2.00,3.10,4.20,津,斤,2021-05-31
红薯,1.00,1.40,1.80,冀新,斤,2021-05-31
丝瓜,1.40,1.50,1.60,豫鲁,斤,2021-05-26
丝瓜,2.00,2.50,3.00,短,斤,2021-05-26
瓠子,1.80,2.05,2.30,普通,斤,2021-05-26
西葫芦,0.80,0.90,1.00,滇鲁,斤,2021-05-26
佛手瓜,2.00,2.25,2.50,普通,斤,2021-05-26
金丝南瓜,0.80,0.90,1.00,琼,斤,2021-05-26
南北瓜,0.90,0.95,1.00,桂,斤,2021-05-26
尖椒,1.40,1.70,2.00,冀晋鲁新,斤,2021-05-26
螺丝椒,2.00,2.30,2.60,普通,斤,2021-05-26
柿子椒,1.40,1.60,1.80,鲁新,斤,2021-05-26
线椒,2.50,2.75,3.00,鲁琼新,斤,2021-05-26
杭椒,2.50,2.75,3.00,普通,斤,2021-05-26
小米椒,4.00,4.50,5.00,滇,斤,2021-05-26
彩椒,4.50,5.00,5.50,红黄,斤,2021-05-26
白萝卜,0.30,0.35,0.40,冀,斤,2021-05-26
心里美,1.50,2.00,2.50,冀新,斤,2021-05-26
卞萝卜,0.40,0.55,0.70,冀,斤,2021-05-26
青萝卜,0.90,1.00,1.10,冀鲁新,斤,2021-05-26
胡萝卜,0.80,0.85,0.90,冀鲁新,斤,2021-05-26
胡萝卜（洗）,0.80,1.00,1.20,冀闽箱,斤,2021-05-26
鸡胸,7.50,7.50,7.50,禽肉类,斤,2021-05-27
鸡翅,10.00,10.50,11.00,禽肉类,斤,2021-05-27
鸡翅中,21.00,21.00,21.00,禽肉类,斤,2021-05-27
鸡边腿,7.00,7.00,7.00,禽肉类,斤,2021-05-27
鸡排腿,7.50,7.50,7.50,禽肉类,斤,2021-05-27
鸡琵琶腿,7.50,7.75,8.00,禽肉类,斤,2021-05-27
鸡爪,16.00,16.00,16.00,禽肉类,斤,2021-05-27
鸡头,2.00,2.25,2.50,禽肉类,斤,2021-05-27
鸡架子,2.00,2.25,2.50,禽肉类,斤,2021-05-27
鸡翅根,9.00,9.00,9.00,禽肉类,斤,2021-05-27
白条乌鸡（净膛）,13.00,13.00,13.00,禽肉类,斤,2021-05-27
箱鸡蛋,193.00,195.50,198.00,蛋类,斤,2021-05-27
箱鸡蛋,4.39,4.45,4.50,蛋类,斤,2021-05-27
散鸡蛋,4.70,4.70,4.70,蛋类,斤,2021-05-27
生鸭蛋,5.50,6.00,6.50,蛋类,斤,2021-05-27
熟鸭蛋,6.00,6.75,7.50,蛋类,斤,2021-05-27
松花蛋,6.20,7.10,8.00,蛋类,斤,2021-05-27
鹅蛋,12.00,12.50,13.00,蛋类,斤,2021-05-27
鹌鹑蛋,6.00,6.50,7.00,蛋类,斤,2021-05-27
柴鸡蛋,4.70,7.35,10.00,蛋类,斤,2021-05-27
长茄,0.80,1.00,1.20,辽,斤,2021-05-26
广茄,1.20,1.40,1.60,滇、冀,斤,2021-05-26
线茄,2.00,2.50,3.00,冀,斤,2021-05-26
吊冬瓜,0.60,0.65,0.70,琼,斤,2021-05-26
地冬瓜,0.50,0.53,0.55,桂,斤,2021-05-26
小毛冬瓜,0.80,0.90,1.00,冀圆鲁新,斤,2021-05-26
架豆,2.50,2.75,3.00,普通,斤,2021-05-26
豆王,2.50,3.00,3.50,普通,斤,2021-05-26
扁豆,2.30,2.65,3.00,冀鲁聊城,斤,2021-05-26
豇豆,2.50,2.75,3.00,桂京冀,斤,2021-05-26
白不老,2.50,2.75,3.00,滇|鲁,斤,2021-05-26
锅里变架豆,1.70,1.85,2.00,普通,斤,2021-05-26
油豆,2.50,3.35,4.20,鲁,斤,2021-05-26
毛豆,3.00,3.25,3.50,普通,斤,2021-05-26
豌豆,1.00,1.15,1.30,普通,斤,2021-05-26
蚕豆,1.20,1.30,1.40,普通,斤,2021-05-26
荷兰豆,5.00,5.50,6.00,冀云,斤,2021-05-26
玉米,1.20,1.50,1.80,白,斤,2021-05-26
花生,4.00,4.75,5.50,广东海南,斤,2021-05-26
苦瓜,1.60,1.80,2.00,鲁,斤,2021-05-26
油菜,1.00,1.20,1.40,鲁京,斤,2021-05-26
香菜,1.40,1.60,1.80,鲁冀,斤,2021-05-26
茴香,1.00,1.25,1.50,冀,斤,2021-05-26
韭菜,0.80,0.90,1.00,普通,斤,2021-05-26
韭菜苔,3.00,3.50,4.00,普通,斤,2021-05-26
苦菊,1.00,1.15,1.30,辽,斤,2021-05-26
油麦菜,1.50,1.75,2.00,京,斤,2021-05-26
散菜花,1.00,1.25,1.50,豫苏,斤,2021-05-26
绿菜花,1.50,1.75,2.00,冀 苏陕,斤,2021-05-26
菜花,1.40,1.50,1.60,云,斤,2021-05-26
绿豆芽,0.95,0.98,1.00,普通,斤,2021-05-26
黄豆芽,0.85,0.88,0.90,普通,斤,2021-05-26
紫菜苔,3.00,3.25,3.50,普通,斤,2021-05-26
番茄,1.00,1.25,1.50,川鲁蒙,斤,2021-05-26
番茄（精品）,1.50,1.65,1.80,鲁新,斤,2021-05-26
樱西,4.00,4.50,5.00,小红,斤,2021-05-26
黄瓜,1.20,1.40,1.60,蒙辽袋鲁,斤,2021-05-26
黄瓜(鲜干花),1.60,1.80,2.00,冀,斤,2021-05-26
小黄瓜,2.00,2.75,3.50,旱荷兰,斤,2021-05-26
茄子,0.80,0.95,1.10,冀,斤,2021-05-26
小葱,1.00,1.25,1.50,普通,斤,2021-05-26
蒜苗,1.50,3.00,4.50,苏鲁,斤,2021-05-26
蒜黄,4.00,4.50,5.00,冀,斤,2021-05-26
青蒜,2.00,2.25,2.50,冀,斤,2021-05-26
平菇,5.00,5.50,6.00,小叶,斤,2021-05-26
香菇,3.00,4.00,5.00,普通,斤,2021-05-26
白玉菇,3.00,3.50,4.00,普通,斤,2021-05-26
口蘑,7.00,7.50,8.00,普通,斤,2021-05-26
杏鲍菇,2.00,2.50,3.00,普通,斤,2021-05-26
金针菇,1.50,2.00,2.50,普通,斤,2021-05-26
油菜,1.00,1.25,1.50,水菜,斤,2021-05-26
小白菜,1.50,1.75,2.00,水菜,斤,2021-05-26
油麦菜,2.00,2.25,2.50,水菜,斤,2021-05-26
奶白菜,2.00,2.25,2.50,水菜,斤,2021-05-26
散生菜,1.00,1.25,1.50,水菜,斤,2021-05-26
香葱,3.50,3.75,4.00,水菜,斤,2021-05-26
茼蒿,3.00,3.25,3.50,水菜,斤,2021-05-26
蒿子秆,2.50,2.75,3.00,水菜,斤,2021-05-26
水萝卜,2.00,2.25,2.50,水菜,斤,2021-05-26
樱桃萝卜,2.00,2.50,3.00,水菜,斤,2021-05-26
香水菠萝,3.00,3.25,3.50,其他类,斤,2021-05-26
百香果,12.00,12.50,13.00,其他类,斤,2021-05-26
桑葚,3.50,4.00,4.50,其他类,斤,2021-05-26
白草莓（日本淡雪）,12.00,14.00,16.00,其他类,斤,2021-05-26
红颜九九草莓,8.00,9.00,10.00,其他类,斤,2021-05-26
杨梅,10.00,11.00,12.00,其他类,斤,2021-05-26
甜宝(奶油)草莓,4.00,5.50,7.00,其他类,斤,2021-05-26
火龙果,4.00,5.50,7.00,其他类,斤,2021-05-26
木瓜,3.00,3.25,3.50,其他类,斤,2021-05-26
柿饼,6.00,7.00,8.00,其他类,斤,2021-05-26
柠檬,3.50,3.75,4.00,其他类,斤,2021-05-26
黑枣,5.00,5.50,6.00,其他类,斤,2021-05-26
山楂,4.00,5.00,6.00,其他类,斤,2021-05-26
姑娘果（灯笼果）,10.00,15.00,20.00,其他类,斤,2021-05-26
鸭梨,1.20,1.35,1.50,梨类,斤,2021-05-26
雪花梨,1.40,1.50,1.60,梨类,斤,2021-05-26
皇冠梨（标箱）,2.50,2.75,3.00,梨类,斤,2021-05-26
丰水梨,2.50,2.75,3.00,梨类,斤,2021-05-26
酥梨,1.50,1.65,1.80,梨类,斤,2021-05-26
库尔勒香梨,3.00,3.50,4.00,梨类,斤,2021-05-26
香芹,1.50,1.75,2.00,水菜,斤,2021-05-26
菠菜,4.00,4.25,4.50,水菜,斤,2021-05-26
苋菜,1.50,1.75,2.00,水菜,斤,2021-05-26
菊花菜,1.50,1.75,2.00,水菜,斤,2021-05-26
青蒜,2.00,2.25,2.50,水菜,斤,2021-05-26
盖菜,2.00,2.25,2.50,水菜,斤,2021-05-26
芥兰,1.50,1.75,2.00,水菜,斤,2021-05-26
菜心,1.50,1.75,2.00,水菜,斤,2021-05-26
空心菜,2.00,2.25,2.50,水菜,斤,2021-05-26
鸡毛菜,2.50,2.75,3.00,水菜,斤,2021-05-26
荆芥,2.00,2.50,3.00,水菜,斤,2021-05-26
紫苏叶,3.50,4.00,4.50,水菜,斤,2021-05-26
豌豆苗,4.00,4.50,5.00,水菜,斤,2021-05-26
快菜,1.00,1.10,1.20,水菜,斤,2021-05-26
苦菊,2.00,2.25,2.50,水菜,斤,2021-05-26
穿心莲,1.50,1.75,2.00,水菜,斤,2021-05-26
木耳菜,2.00,2.25,2.50,水菜,斤,2021-05-26
椰青个,6.00,6.25,6.50,其他类,斤,2021-05-26
箱装菠萝（上六下六）,1.20,1.40,1.60,其他类,斤,2021-05-26
国产凤梨,2.00,2.40,2.80,其他类,斤,2021-05-26
小水萝卜,0.80,0.90,1.00,普通,斤,2021-05-26
土豆,0.50,0.65,0.80,冀云,斤,2021-05-26
新土豆（黄心）,0.70,0.95,1.20,鲁,斤,2021-05-26
黄葱头,1.00,1.10,1.20,蒙甘,斤,2021-05-26
红葱头,1.20,1.30,1.40,老新,斤,2021-05-26
山药,1.80,2.25,2.70,脆麻新,斤,2021-05-26
铁棍山药,5.00,5.50,6.00,普通,斤,2021-05-26
莲藕,2.00,3.00,4.00,津,斤,2021-05-26
红薯,1.00,1.40,1.80,冀新,斤,2021-05-26
红薯,1.80,2.00,2.20,西瓜红粤新,斤,2021-05-26
茭白,2.50,3.00,3.50,京浙,斤,2021-05-26
凉薯,2.00,2.15,2.30,普通,斤,2021-05-26
荸荠,2.80,2.90,3.00,皖,斤,2021-05-26
芋头,1.70,1.85,2.00,鲁,斤,2021-05-26
苇叶,3.40,3.45,3.50,普通,斤,2021-05-26
姜,3.00,4.00,5.00,姜头整,斤,2021-05-26
大蒜,2.50,2.75,3.00,普通,斤,2021-05-26
新蒜,1.70,2.00,2.30,普通,斤,2021-05-26
蒜米,3.20,3.50,3.80,普通,斤,2021-05-26
大葱,1.50,2.25,3.00,鲁、冀、闽,斤,2021-05-26
24白糖罐,2.50,2.75,3.00,甜瓜类,斤,2021-05-26
羊角蜜,2.30,4.15,6.00,甜瓜类,斤,2021-05-26
花蕾甜瓜,3.00,4.00,5.00,甜瓜类,斤,2021-05-26
久红瑞,2.00,2.15,2.30,甜瓜类,斤,2021-05-26
绿宝甜瓜,2.00,3.50,5.00,甜瓜类,斤,2021-05-26
博阳（系列）,2.20,3.35,4.50,甜瓜类,斤,2021-05-26
景甜,2.50,3.25,4.00,甜瓜类,斤,2021-05-26
208甜瓜,2.00,2.15,2.30,甜瓜类,斤,2021-05-26
富士（纸袋Φ70-84）,1.80,2.30,2.80,苹果类,斤,2021-05-26
富士（纸+膜袋）,1.60,1.80,2.00,苹果类,斤,2021-05-26
富士（纸袋Φ85以上）,2.50,3.00,3.50,苹果类,斤,2021-05-26
黄元帅,1.50,1.75,2.00,苹果类,斤,2021-05-26
花牛(Φ70-85),1.40,2.00,2.60,苹果类,斤,2021-05-26
新疆阿克苏（冰糖心）,3.00,3.50,4.00,苹果类,斤,2021-05-26
国光苹果,1.00,1.50,2.00,苹果类,斤,2021-05-26
辽宁寒富苹果,1.50,1.75,2.00,苹果类,斤,2021-05-26
巨峰葡萄,5.00,8.50,12.00,葡萄类,斤,2021-05-26
红提葡萄,8.00,10.00,12.00,葡萄类,斤,2021-05-26
玫瑰香葡萄,10.00,12.00,14.00,葡萄类,斤,2021-05-26
克伦生,6.00,8.00,10.00,葡萄类,斤,2021-05-26
丰源红,2.90,3.45,4.00,桃李杏类,斤,2021-05-26
凯特杏、白杏,9.00,10.00,11.00,桃李杏类,斤,2021-05-26
无籽小号-大号,1.80,1.90,2.00,西瓜类,斤,2021-05-26
麒麟、甜蜜蜜,2.20,2.40,2.60,西瓜类,斤,2021-05-26
黑美人,1.60,1.80,2.00,西瓜类,斤,2021-05-26
特小风,2.00,2.25,2.50,西瓜类,斤,2021-05-26
L600吊秧瓜,2.50,2.90,3.30,西瓜类,斤,2021-05-26
甜王,1.40,1.50,1.60,西瓜类,斤,2021-05-26
蜜童,3.00,3.25,3.50,西瓜类,斤,2021-05-26
墨童西瓜,2.50,2.75,3.00,西瓜类,斤,2021-05-26
绿宝（p2）,1.80,1.90,2.00,西瓜类,斤,2021-05-26
国产香蕉,2.20,2.60,3.00,香蕉类,斤,2021-05-26
南美、菲律宾香蕉,2.50,3.00,3.50,香蕉类,斤,2021-05-26
泰国香蕉（帝王蕉）,8.00,8.50,9.00,香蕉类,斤,2021-05-26
晓蜜25号,2.00,2.20,2.40,甜瓜类,斤,2021-05-26
黄金瓜／金蜜,2.00,2.25,2.50,甜瓜类,斤,2021-05-26
玉菇,2.00,2.25,2.50,甜瓜类,斤,2021-05-26
网纹,3.00,3.25,3.50,甜瓜类,斤,2021-05-26
长香玉,1.40,1.50,1.60,甜瓜类,斤,2021-05-26
西洲蜜,2.50,2.75,3.00,甜瓜类,斤,2021-05-26
乌鸡蛋,7.50,8.00,8.50,蛋类,斤,2021-05-27
鸵鸟蛋,100.00,110.00,120.00,蛋类,个,2021-05-27
鸽子蛋,2.50,2.55,2.60,蛋类,个,2021-05-27
北豆腐（屉）,1.80,1.80,1.80,豆制品,斤,2021-05-27
南豆腐（屉）,2.00,2.00,2.00,豆制品,斤,2021-05-27
白玉北豆腐,4.00,4.00,4.00,豆制品,盒,2021-05-27
香香北豆腐,3.00,3.00,3.00,豆制品,盒,2021-05-27
白玉南豆腐,5.50,5.50,5.50,豆制品,盒,2021-05-27
豆腐丝,5.00,5.00,5.00,豆制品,斤,2021-05-27
精品豆腐丝,6.00,6.00,6.00,豆制品,袋,2021-05-27
豆腐皮,5.50,5.50,5.50,豆制品,斤,2021-05-27
豆腐干,4.50,4.50,4.50,豆制品,斤,2021-05-27
精品豆腐干,5.00,5.00,5.00,豆制品,袋,2021-05-27
豆腐泡,5.50,5.50,5.50,豆制品,斤,2021-05-27
精品豆腐泡,5.00,5.00,5.00,豆制品,袋,2021-05-27
白玉内酯豆腐,2.50,2.50,2.50,豆制品,盒,2021-05-27
香香内脂豆腐,1.50,1.50,1.50,豆制品,盒,2021-05-27
淡水鲈鱼,24.00,24.00,24.00,活,斤,2021-05-27
白虾,42.00,43.50,45.00,活,斤,2021-05-27
鲤鱼,12.00,12.00,12.00,750g-1000g,斤,2021-05-27
油麦菜,1.50,1.65,1.80,京,斤,2021-05-27
散菜花,1.20,1.40,1.60,豫苏,斤,2021-05-27
绿菜花,1.50,1.75,2.00,冀 苏陕,斤,2021-05-27
菜花,1.40,1.50,1.60,云,斤,2021-05-27
绿豆芽,0.95,0.98,1.00,普通,斤,2021-05-27
黄豆芽,0.85,0.88,0.90,普通,斤,2021-05-27
油菜,1.00,1.25,1.50,水菜,斤,2021-05-27
小白菜,1.50,1.75,2.00,水菜,斤,2021-05-27
油麦菜,1.50,2.00,2.50,水菜,斤,2021-05-27
奶白菜,2.00,2.25,2.50,水菜,斤,2021-05-27
散生菜,1.50,1.75,2.00,水菜,斤,2021-05-27
香葱,3.50,3.75,4.00,水菜,斤,2021-05-27
茼蒿,3.00,3.25,3.50,水菜,斤,2021-05-27
蒿子秆,3.00,3.25,3.50,水菜,斤,2021-05-27
水萝卜,2.00,2.25,2.50,水菜,斤,2021-05-27
樱桃萝卜,2.00,2.50,3.00,水菜,斤,2021-05-27
香芹,1.50,1.75,2.00,水菜,斤,2021-05-27
菠菜,3.50,3.75,4.00,水菜,斤,2021-05-27
苋菜,1.50,1.75,2.00,水菜,斤,2021-05-27
菊花菜,1.50,1.75,2.00,水菜,斤,2021-05-27
绿宝甜瓜,2.00,3.50,5.00,甜瓜类,斤,2021-05-27
博阳（系列）,2.20,3.35,4.50,甜瓜类,斤,2021-05-27
景甜,2.50,3.25,4.00,甜瓜类,斤,2021-05-27
208甜瓜,2.00,2.15,2.30,甜瓜类,斤,2021-05-27
富士（纸袋Φ70-84）,1.80,2.30,2.80,苹果类,斤,2021-05-27
富士（纸+膜袋）,1.60,1.80,2.00,苹果类,斤,2021-05-27
富士（纸袋Φ85以上）,2.50,3.00,3.50,苹果类,斤,2021-05-27
黄元帅,1.50,1.75,2.00,苹果类,斤,2021-05-27
花牛(Φ70-85),1.40,2.00,2.60,苹果类,斤,2021-05-27
新疆阿克苏（冰糖心）,3.00,3.50,4.00,苹果类,斤,2021-05-27
国光苹果,1.00,1.50,2.00,苹果类,斤,2021-05-27
辽宁寒富苹果,1.50,1.75,2.00,苹果类,斤,2021-05-27
巨峰葡萄,5.00,8.50,12.00,葡萄类,斤,2021-05-27
红提葡萄,8.00,10.00,12.00,葡萄类,斤,2021-05-27
玫瑰香葡萄,10.00,11.50,13.00,葡萄类,斤,2021-05-27
克伦生,6.00,8.00,10.00,葡萄类,斤,2021-05-27
黑提葡萄、夏黑,8.00,9.00,10.00,葡萄类,斤,2021-05-27
蓝莓葡萄,8.00,9.00,10.00,葡萄类,斤,2021-05-27
乒乓球葡萄,10.00,11.00,12.00,葡萄类,斤,2021-05-27
维多利亚葡萄,4.00,5.00,6.00,葡萄类,斤,2021-05-27
红香酥梨系列,1.50,1.75,2.00,梨类,斤,2021-05-26
红啤梨,3.00,3.25,3.50,梨类,斤,2021-05-26
蜜梨,2.00,2.25,2.50,梨类,斤,2021-05-26
耙耙柑、丑橘,2.00,2.50,3.00,柑橘类,斤,2021-05-26
鄂、湘、川脐橙,1.50,2.10,2.70,柑橘类,斤,2021-05-26
沃柑,3.50,4.00,4.50,柑橘类,斤,2021-05-26
金桔,5.00,6.00,7.00,柑橘类,斤,2021-05-26
伦晚,1.80,2.40,3.00,柑橘类,斤,2021-05-26
油桃,2.00,5.00,8.00,桃李杏类,斤,2021-05-26
蟠桃,10.00,12.50,15.00,桃李杏类,斤,2021-05-26
水蜜桃,10.00,12.00,14.00,桃李杏类,斤,2021-05-26
春雪,2.00,5.00,8.00,桃李杏类,斤,2021-05-26
黄油桃,4.00,6.00,8.00,桃李杏类,斤,2021-05-26
黄毛桃,10.00,11.50,13.00,桃李杏类,斤,2021-05-26
突围,3.00,3.75,4.50,桃李杏类,斤,2021-05-26
猕猴桃（徐香翠香）,2.50,3.00,3.50,桃李杏类,斤,2021-05-26
猕猴桃（海沃德）,2.00,2.25,2.50,桃李杏类,斤,2021-05-26
胭脂杏,3.00,3.50,4.00,桃李杏类,斤,2021-05-26
李子,8.00,10.00,12.00,桃李杏类,斤,2021-05-26
金太阳,2.50,3.75,5.00,桃李杏类,斤,2021-05-26
黑提葡萄、夏黑,8.00,9.00,10.00,葡萄类,斤,2021-05-26
蓝莓葡萄,8.00,9.00,10.00,葡萄类,斤,2021-05-26
乒乓球葡萄,10.00,11.00,12.00,葡萄类,斤,2021-05-26
维多利亚葡萄,8.00,8.50,9.00,葡萄类,斤,2021-05-26
郁金香,10.00,11.00,12.00,葡萄类,斤,2021-05-26
台农小芒果,2.50,3.25,4.00,芒果类,斤,2021-05-26
台农大芒果,3.00,4.00,5.00,芒果类,斤,2021-05-26
红金龙,4.00,5.00,6.00,芒果类,斤,2021-05-26
高乐密,2.50,3.75,5.00,芒果类,斤,2021-05-26
青皮芒果,2.50,3.25,4.00,芒果类,斤,2021-05-26
水仙芒果,3.50,4.50,5.50,芒果类,斤,2021-05-26
玉纹,4.00,5.50,7.00,芒果类,斤,2021-05-26
肯特新世纪澳芒,4.50,6.25,8.00,芒果类,斤,2021-05-26
妃子笑,6.00,7.50,9.00,荔枝类,斤,2021-05-26
荔枝王,19.00,20.50,22.00,荔枝类,斤,2021-05-26
红灯,11.00,13.00,15.00,樱桃类,斤,2021-05-26
水晶,12.00,15.00,18.00,樱桃类,斤,2021-05-26
佳红,70.00,105.00,140.00,樱桃类,斤,2021-05-26
美国红,10.00,10.50,11.00,樱桃类,斤,2021-05-26
美早,20.00,32.50,45.00,樱桃类,斤,2021-05-26
